time,ev_delay,passenger_delay,queue_length,tl_phase,pressure_value
1.0,0.0,0.0,0,cluster_11054542386_11054542387_11054542395:0|429726441:0|joinedS_570758310_9939398569_9939398599_9939407828:0,0.0
2.0,0.0,0.015,0,cluster_11054542386_11054542387_11054542395:0|429726441:0|joinedS_570758310_9939398569_9939398599_9939407828:0,0.0
3.0,0.0,0.063,0,cluster_11054542386_11054542387_11054542395:0|429726441:0|joinedS_570758310_9939398569_9939398599_9939407828:0,0.0
4.0,0.0,0.154,0,cluster_11054542386_11054542387_11054542395:0|429726441:0|joinedS_570758310_9939398569_9939398599_9939407828:0,0.0
5.0,0.0,0.176,0,cluster_11054542386_11054542387_11054542395:0|429726441:0|joinedS_570758310_9939398569_9939398599_9939407828:0,0.0
6.0,0.0,0.485,0,cluster_11054542386_11054542387_11054542395:0|429726441:0|joinedS_570758310_9939398569_9939398599_9939407828:0,0.0
7.0,0.0,0.46,0,cluster_11054542386_11054542387_11054542395:0|429726441:0|joinedS_570758310_9939398569_9939398599_9939407828:0,0.0
8.0,0.0,0.58,0,cluster_11054542386_11054542387_11054542395:0|429726441:0|joinedS_570758310_9939398569_9939398599_9939407828:0,0.0
9.0,0.0,0.738,0,cluster_11054542386_11054542387_11054542395:0|429726441:0|joinedS_570758310_9939398569_9939398599_9939407828:0,0.0
10.0,0.0,0.694,0,cluster_11054542386_11054542387_11054542395:0|429726441:0|joinedS_570758310_9939398569_9939398599_9939407828:0,0.0
11.0,0.0,0.92,0,cluster_11054542386_11054542387_11054542395:0|429726441:0|joinedS_570758310_9939398569_9939398599_9939407828:0,0.0
12.0,0.0,1.056,0,cluster_11054542386_11054542387_11054542395:0|429726441:0|joinedS_570758310_9939398569_9939398599_9939407828:0,0.0
13.0,0.0,1.041,0,cluster_11054542386_11054542387_11054542395:0|429726441:0|joinedS_570758310_9939398569_9939398599_9939407828:0,0.0
14.0,0.0,1.343,0,cluster_11054542386_11054542387_11054542395:0|429726441:0|joinedS_570758310_9939398569_9939398599_9939407828:0,0.0
15.0,0.0,1.638,0,cluster_11054542386_11054542387_11054542395:0|429726441:0|joinedS_570758310_9939398569_9939398599_9939407828:0,0.0
16.0,0.0,1.442,0,cluster_11054542386_11054542387_11054542395:0|429726441:0|joinedS_570758310_9939398569_9939398599_9939407828:0,0.0
17.0,0.0,1.699,0,cluster_11054542386_11054542387_11054542395:0|429726441:0|joinedS_570758310_9939398569_9939398599_9939407828:0,0.0
18.0,0.0,1.943,0,cluster_11054542386_11054542387_11054542395:0|429726441:0|joinedS_570758310_9939398569_9939398599_9939407828:0,0.0
19.0,0.0,1.849,0,cluster_11054542386_11054542387_11054542395:0|429726441:0|joinedS_570758310_9939398569_9939398599_9939407828:0,0.0
20.0,0.0,2.205,0,cluster_11054542386_11054542387_11054542395:0|429726441:0|joinedS_570758310_9939398569_9939398599_9939407828:0,0.0
21.0,0.0,2.148,0,cluster_11054542386_11054542387_11054542395:0|429726441:0|joinedS_570758310_9939398569_9939398599_9939407828:0,0.0
22.0,0.0,2.388,0,cluster_11054542386_11054542387_11054542395:0|429726441:0|joinedS_570758310_9939398569_9939398599_9939407828:0,0.0
23.0,0.0,2.618,0,cluster_11054542386_11054542387_11054542395:0|429726441:0|joinedS_570758310_9939398569_9939398599_9939407828:0,0.0
24.0,0.0,2.558,0,cluster_11054542386_11054542387_11054542395:0|429726441:0|joinedS_570758310_9939398569_9939398599_9939407828:0,0.0
25.0,0.0,2.944,0,cluster_11054542386_11054542387_11054542395:0|429726441:0|joinedS_570758310_9939398569_9939398599_9939407828:0,0.0
26.0,0.0,3.237,0,cluster_11054542386_11054542387_11054542395:0|429726441:0|joinedS_570758310_9939398569_9939398599_9939407828:0,0.0
27.0,0.0,3.044,0,cluster_11054542386_11054542387_11054542395:0|429726441:0|joinedS_570758310_9939398569_9939398599_9939407828:0,0.0
28.0,0.0,3.283,0,cluster_11054542386_11054542387_11054542395:0|429726441:0|joinedS_570758310_9939398569_9939398599_9939407828:0,0.0
29.0,0.0,3.632,0,cluster_11054542386_11054542387_11054542395:0|429726441:0|joinedS_570758310_9939398569_9939398599_9939407828:0,0.0
30.0,0.0,3.602,0,cluster_11054542386_11054542387_11054542395:0|429726441:0|joinedS_570758310_9939398569_9939398599_9939407828:0,0.0
31.0,0.0,3.953,0,cluster_11054542386_11054542387_11054542395:0|429726441:0|joinedS_570758310_9939398569_9939398599_9939407828:0,0.0
32.0,0.0,4.283,0,cluster_11054542386_11054542387_11054542395:0|429726441:0|joinedS_570758310_9939398569_9939398599_9939407828:0,0.0
33.0,0.0,4.201,0,cluster_11054542386_11054542387_11054542395:0|429726441:0|joinedS_570758310_9939398569_9939398599_9939407828:0,0.0
34.0,0.0,4.541,0,cluster_11054542386_11054542387_11054542395:0|429726441:0|joinedS_570758310_9939398569_9939398599_9939407828:0,0.0
35.0,0.0,4.87,0,cluster_11054542386_11054542387_11054542395:0|429726441:0|joinedS_570758310_9939398569_9939398599_9939407828:0,0.0
36.0,0.0,5.179,0,cluster_11054542386_11054542387_11054542395:0|429726441:0|joinedS_570758310_9939398569_9939398599_9939407828:0,0.0
37.0,0.0,5.403,0,cluster_11054542386_11054542387_11054542395:0|429726441:0|joinedS_570758310_9939398569_9939398599_9939407828:0,0.0
38.0,0.0,5.18,0,cluster_11054542386_11054542387_11054542395:0|429726441:0|joinedS_570758310_9939398569_9939398599_9939407828:0,0.0
39.0,0.0,5.52,0,cluster_11054542386_11054542387_11054542395:0|429726441:0|joinedS_570758310_9939398569_9939398599_9939407828:0,0.0
40.0,0.0,5.888,0,cluster_11054542386_11054542387_11054542395:0|429726441:0|joinedS_570758310_9939398569_9939398599_9939407828:0,0.0
41.0,0.0,5.436,0,cluster_11054542386_11054542387_11054542395:0|429726441:0|joinedS_570758310_9939398569_9939398599_9939407828:0,0.0
42.0,0.0,5.789,0,cluster_11054542386_11054542387_11054542395:0|429726441:0|joinedS_570758310_9939398569_9939398599_9939407828:0,0.0
43.0,0.0,6.12,0,cluster_11054542386_11054542387_11054542395:0|429726441:0|joinedS_570758310_9939398569_9939398599_9939407828:0,0.0
44.0,0.0,6.038,0,cluster_11054542386_11054542387_11054542395:0|429726441:0|joinedS_570758310_9939398569_9939398599_9939407828:0,0.0
45.0,0.0,6.303,0,cluster_11054542386_11054542387_11054542395:0|429726441:0|joinedS_570758310_9939398569_9939398599_9939407828:0,0.0
46.0,0.0,6.517,0,cluster_11054542386_11054542387_11054542395:0|429726441:0|joinedS_570758310_9939398569_9939398599_9939407828:0,0.0
47.0,0.0,6.394,0,cluster_11054542386_11054542387_11054542395:0|429726441:0|joinedS_570758310_9939398569_9939398599_9939407828:0,0.0
48.0,0.0,6.643,0,cluster_11054542386_11054542387_11054542395:0|429726441:0|joinedS_570758310_9939398569_9939398599_9939407828:0,0.0
49.0,0.0,6.912,0,cluster_11054542386_11054542387_11054542395:0|429726441:0|joinedS_570758310_9939398569_9939398599_9939407828:0,0.0
50.0,0.0,6.699,0,cluster_11054542386_11054542387_11054542395:0|429726441:0|joinedS_570758310_9939398569_9939398599_9939407828:0,0.0
51.0,0.0,6.939,0,cluster_11054542386_11054542387_11054542395:0|429726441:0|joinedS_570758310_9939398569_9939398599_9939407828:0,0.0
52.0,0.0,7.124,0,cluster_11054542386_11054542387_11054542395:0|429726441:0|joinedS_570758310_9939398569_9939398599_9939407828:0,0.0
53.0,0.0,6.891,0,cluster_11054542386_11054542387_11054542395:0|429726441:0|joinedS_570758310_9939398569_9939398599_9939407828:0,0.0
54.0,0.0,7.055,0,cluster_11054542386_11054542387_11054542395:0|429726441:0|joinedS_570758310_9939398569_9939398599_9939407828:0,0.0
55.0,0.0,6.861,0,cluster_11054542386_11054542387_11054542395:0|429726441:0|joinedS_570758310_9939398569_9939398599_9939407828:0,0.0
56.0,0.0,7.081,0,cluster_11054542386_11054542387_11054542395:0|429726441:0|joinedS_570758310_9939398569_9939398599_9939407828:0,0.0
57.0,0.0,7.303,0,cluster_11054542386_11054542387_11054542395:0|429726441:0|joinedS_570758310_9939398569_9939398599_9939407828:0,0.0
58.0,0.0,7.182,0,cluster_11054542386_11054542387_11054542395:0|429726441:0|joinedS_570758310_9939398569_9939398599_9939407828:0,0.0
59.0,0.0,7.414,0,cluster_11054542386_11054542387_11054542395:0|429726441:0|joinedS_570758310_9939398569_9939398599_9939407828:0,0.0
60.0,0.0,7.725,0,cluster_11054542386_11054542387_11054542395:0|429726441:0|joinedS_570758310_9939398569_9939398599_9939407828:0,0.0
61.0,0.0,7.681,0,cluster_11054542386_11054542387_11054542395:0|429726441:0|joinedS_570758310_9939398569_9939398599_9939407828:0,0.0
62.0,0.0,7.947,0,cluster_11054542386_11054542387_11054542395:0|429726441:0|joinedS_570758310_9939398569_9939398599_9939407828:0,0.0
63.0,0.0,8.208,0,cluster_11054542386_11054542387_11054542395:0|429726441:0|joinedS_570758310_9939398569_9939398599_9939407828:0,0.0
64.0,0.0,8.123,0,cluster_11054542386_11054542387_11054542395:0|429726441:0|joinedS_570758310_9939398569_9939398599_9939407828:0,0.0
65.0,0.0,8.412,0,cluster_11054542386_11054542387_11054542395:0|429726441:0|joinedS_570758310_9939398569_9939398599_9939407828:0,0.0
66.0,0.0,8.723,0,cluster_11054542386_11054542387_11054542395:0|429726441:0|joinedS_570758310_9939398569_9939398599_9939407828:0,0.0
67.0,0.0,8.649,0,cluster_11054542386_11054542387_11054542395:0|429726441:0|joinedS_570758310_9939398569_9939398599_9939407828:0,0.0
68.0,0.0,8.964,0,cluster_11054542386_11054542387_11054542395:0|429726441:0|joinedS_570758310_9939398569_9939398599_9939407828:0,0.0
69.0,0.0,9.281,0,cluster_11054542386_11054542387_11054542395:0|429726441:0|joinedS_570758310_9939398569_9939398599_9939407828:0,0.0
70.0,0.0,9.276,0,cluster_11054542386_11054542387_11054542395:0|429726441:0|joinedS_570758310_9939398569_9939398599_9939407828:0,0.0
71.0,0.0,9.675,0,cluster_11054542386_11054542387_11054542395:0|429726441:0|joinedS_570758310_9939398569_9939398599_9939407828:0,0.0
72.0,0.0,10.053,0,cluster_11054542386_11054542387_11054542395:0|429726441:0|joinedS_570758310_9939398569_9939398599_9939407828:0,0.0
73.0,0.0,10.01,0,cluster_11054542386_11054542387_11054542395:0|429726441:0|joinedS_570758310_9939398569_9939398599_9939407828:0,0.0
74.0,0.0,10.354,0,cluster_11054542386_11054542387_11054542395:0|429726441:0|joinedS_570758310_9939398569_9939398599_9939407828:0,0.0
75.0,0.0,10.259,0,cluster_11054542386_11054542387_11054542395:0|429726441:0|joinedS_570758310_9939398569_9939398599_9939407828:0,0.0
76.0,0.0,10.546,0,cluster_11054542386_11054542387_11054542395:0|429726441:0|joinedS_570758310_9939398569_9939398599_9939407828:0,0.0
77.0,0.0,10.792,0,cluster_11054542386_11054542387_11054542395:0|429726441:0|joinedS_570758310_9939398569_9939398599_9939407828:0,0.0
78.0,0.0,10.619,0,cluster_11054542386_11054542387_11054542395:0|429726441:0|joinedS_570758310_9939398569_9939398599_9939407828:0,0.0
79.0,0.0,10.934,0,cluster_11054542386_11054542387_11054542395:0|429726441:0|joinedS_570758310_9939398569_9939398599_9939407828:0,0.0
80.0,0.0,11.205,0,cluster_11054542386_11054542387_11054542395:0|429726441:0|joinedS_570758310_9939398569_9939398599_9939407828:0,0.0
81.0,0.0,11.054,0,cluster_11054542386_11054542387_11054542395:0|429726441:0|joinedS_570758310_9939398569_9939398599_9939407828:0,0.0
82.0,0.0,11.324,0,cluster_11054542386_11054542387_11054542395:0|429726441:0|joinedS_570758310_9939398569_9939398599_9939407828:0,0.0
83.0,0.0,11.615,0,cluster_11054542386_11054542387_11054542395:0|429726441:0|joinedS_570758310_9939398569_9939398599_9939407828:0,0.0
84.0,0.0,11.525,0,cluster_11054542386_11054542387_11054542395:0|429726441:0|joinedS_570758310_9939398569_9939398599_9939407828:0,0.0
85.0,0.0,11.817,0,cluster_11054542386_11054542387_11054542395:0|429726441:0|joinedS_570758310_9939398569_9939398599_9939407828:0,0.0
86.0,0.0,11.92,0,cluster_11054542386_11054542387_11054542395:0|429726441:0|joinedS_570758310_9939398569_9939398599_9939407828:0,0.0
87.0,0.0,11.824,0,cluster_11054542386_11054542387_11054542395:0|429726441:0|joinedS_570758310_9939398569_9939398599_9939407828:0,0.0
88.0,0.0,12.102,0,cluster_11054542386_11054542387_11054542395:0|429726441:0|joinedS_570758310_9939398569_9939398599_9939407828:0,0.0
89.0,0.0,12.317,0,cluster_11054542386_11054542387_11054542395:0|429726441:0|joinedS_570758310_9939398569_9939398599_9939407828:0,0.0
90.0,0.0,12.163,0,cluster_11054542386_11054542387_11054542395:0|429726441:0|joinedS_570758310_9939398569_9939398599_9939407828:0,0.0
91.0,0.0,12.35,0,cluster_11054542386_11054542387_11054542395:0|429726441:0|joinedS_570758310_9939398569_9939398599_9939407828:0,0.0
92.0,0.0,12.194,0,cluster_11054542386_11054542387_11054542395:0|429726441:0|joinedS_570758310_9939398569_9939398599_9939407828:0,0.0
93.0,0.0,12.398,0,cluster_11054542386_11054542387_11054542395:0|429726441:0|joinedS_570758310_9939398569_9939398599_9939407828:0,0.0
94.0,0.0,12.649,0,cluster_11054542386_11054542387_11054542395:0|429726441:0|joinedS_570758310_9939398569_9939398599_9939407828:0,0.0
95.0,0.0,12.452,0,cluster_11054542386_11054542387_11054542395:0|429726441:0|joinedS_570758310_9939398569_9939398599_9939407828:0,0.0
96.0,0.0,12.667,0,cluster_11054542386_11054542387_11054542395:0|429726441:0|joinedS_570758310_9939398569_9939398599_9939407828:0,0.0
97.0,0.0,12.697,0,cluster_11054542386_11054542387_11054542395:0|429726441:0|joinedS_570758310_9939398569_9939398599_9939407828:0,0.0
98.0,0.0,12.038,0,cluster_11054542386_11054542387_11054542395:0|429726441:0|joinedS_570758310_9939398569_9939398599_9939407828:0,0.0
99.0,0.0,12.231,0,cluster_11054542386_11054542387_11054542395:0|429726441:0|joinedS_570758310_9939398569_9939398599_9939407828:0,0.0
100.0,0.0,12.264,0,cluster_11054542386_11054542387_11054542395:0|429726441:0|joinedS_570758310_9939398569_9939398599_9939407828:0,0.0
101.0,0.0,12.081,0,cluster_11054542386_11054542387_11054542395:0|429726441:0|joinedS_570758310_9939398569_9939398599_9939407828:0,0.0
102.0,0.0,12.337,0,cluster_11054542386_11054542387_11054542395:0|429726441:0|joinedS_570758310_9939398569_9939398599_9939407828:0,0.0
103.0,0.0,11.157,0,cluster_11054542386_11054542387_11054542395:0|429726441:0|joinedS_570758310_9939398569_9939398599_9939407828:0,0.0
104.0,0.0,11.023,0,cluster_11054542386_11054542387_11054542395:0|429726441:0|joinedS_570758310_9939398569_9939398599_9939407828:0,0.0
105.0,0.0,11.308,0,cluster_11054542386_11054542387_11054542395:0|429726441:0|joinedS_570758310_9939398569_9939398599_9939407828:0,0.0
106.0,0.0,11.588,0,cluster_11054542386_11054542387_11054542395:0|429726441:0|joinedS_570758310_9939398569_9939398599_9939407828:0,0.0
107.0,0.0,11.429,0,cluster_11054542386_11054542387_11054542395:0|429726441:0|joinedS_570758310_9939398569_9939398599_9939407828:0,0.0
108.0,0.0,11.685,0,cluster_11054542386_11054542387_11054542395:0|429726441:0|joinedS_570758310_9939398569_9939398599_9939407828:0,0.0
109.0,0.0,11.552,0,cluster_11054542386_11054542387_11054542395:0|429726441:0|joinedS_570758310_9939398569_9939398599_9939407828:0,0.0
110.0,0.0,10.648,0,cluster_11054542386_11054542387_11054542395:0|429726441:0|joinedS_570758310_9939398569_9939398599_9939407828:0,0.0
111.0,0.0,10.867,0,cluster_11054542386_11054542387_11054542395:0|429726441:0|joinedS_570758310_9939398569_9939398599_9939407828:0,0.0
112.0,0.0,10.717,0,cluster_11054542386_11054542387_11054542395:0|429726441:0|joinedS_570758310_9939398569_9939398599_9939407828:0,0.0
113.0,0.0,10.877,0,cluster_11054542386_11054542387_11054542395:0|429726441:0|joinedS_570758310_9939398569_9939398599_9939407828:0,0.0
114.0,0.0,11.084,0,cluster_11054542386_11054542387_11054542395:0|429726441:0|joinedS_570758310_9939398569_9939398599_9939407828:0,0.0
115.0,0.0,10.962,0,cluster_11054542386_11054542387_11054542395:0|429726441:0|joinedS_570758310_9939398569_9939398599_9939407828:0,0.0
116.0,0.0,11.236,0,cluster_11054542386_11054542387_11054542395:0|429726441:0|joinedS_570758310_9939398569_9939398599_9939407828:0,0.0
117.0,0.0,11.525,0,cluster_11054542386_11054542387_11054542395:0|429726441:0|joinedS_570758310_9939398569_9939398599_9939407828:0,0.0
118.0,0.0,11.386,0,cluster_11054542386_11054542387_11054542395:0|429726441:0|joinedS_570758310_9939398569_9939398599_9939407828:0,0.0
119.0,0.0,11.667,0,cluster_11054542386_11054542387_11054542395:0|429726441:0|joinedS_570758310_9939398569_9939398599_9939407828:0,0.0
120.0,0.0,12.053,0,cluster_11054542386_11054542387_11054542395:0|429726441:0|joinedS_570758310_9939398569_9939398599_9939407828:0,0.0
121.0,0.0,12.039,0,cluster_11054542386_11054542387_11054542395:0|429726441:0|joinedS_570758310_9939398569_9939398599_9939407828:0,0.0
122.0,0.0,12.376,0,cluster_11054542386_11054542387_11054542395:0|429726441:0|joinedS_570758310_9939398569_9939398599_9939407828:0,0.0
123.0,0.0,12.687,0,cluster_11054542386_11054542387_11054542395:0|429726441:0|joinedS_570758310_9939398569_9939398599_9939407828:0,0.0
124.0,0.0,12.637,0,cluster_11054542386_11054542387_11054542395:0|429726441:0|joinedS_570758310_9939398569_9939398599_9939407828:0,0.0
125.0,0.0,12.967,0,cluster_11054542386_11054542387_11054542395:0|429726441:0|joinedS_570758310_9939398569_9939398599_9939407828:0,0.0
126.0,0.0,12.942,0,cluster_11054542386_11054542387_11054542395:0|429726441:0|joinedS_570758310_9939398569_9939398599_9939407828:0,0.0
127.0,0.0,12.793,0,cluster_11054542386_11054542387_11054542395:0|429726441:0|joinedS_570758310_9939398569_9939398599_9939407828:0,0.0
128.0,0.0,13.057,0,cluster_11054542386_11054542387_11054542395:0|429726441:0|joinedS_570758310_9939398569_9939398599_9939407828:0,0.0
129.0,0.0,12.959,0,cluster_11054542386_11054542387_11054542395:0|429726441:0|joinedS_570758310_9939398569_9939398599_9939407828:0,0.0
130.0,0.0,13.101,0,cluster_11054542386_11054542387_11054542395:0|429726441:0|joinedS_570758310_9939398569_9939398599_9939407828:0,0.0
131.0,0.0,13.413,0,cluster_11054542386_11054542387_11054542395:0|429726441:0|joinedS_570758310_9939398569_9939398599_9939407828:0,0.0
132.0,0.0,13.362,0,cluster_11054542386_11054542387_11054542395:0|429726441:0|joinedS_570758310_9939398569_9939398599_9939407828:0,0.0
133.0,0.0,13.688,0,cluster_11054542386_11054542387_11054542395:0|429726441:0|joinedS_570758310_9939398569_9939398599_9939407828:0,0.0
134.0,0.0,13.793,0,cluster_11054542386_11054542387_11054542395:0|429726441:0|joinedS_570758310_9939398569_9939398599_9939407828:0,0.0
135.0,0.0,13.085,0,cluster_11054542386_11054542387_11054542395:0|429726441:0|joinedS_570758310_9939398569_9939398599_9939407828:0,0.0
136.0,0.0,13.408,0,cluster_11054542386_11054542387_11054542395:0|429726441:0|joinedS_570758310_9939398569_9939398599_9939407828:0,0.0
137.0,0.0,13.708,0,cluster_11054542386_11054542387_11054542395:0|429726441:0|joinedS_570758310_9939398569_9939398599_9939407828:0,0.0
138.0,0.0,13.48,0,cluster_11054542386_11054542387_11054542395:0|429726441:0|joinedS_570758310_9939398569_9939398599_9939407828:0,0.0
139.0,0.0,13.74,0,cluster_11054542386_11054542387_11054542395:0|429726441:0|joinedS_570758310_9939398569_9939398599_9939407828:0,0.0
140.0,0.0,14.018,3,cluster_11054542386_11054542387_11054542395:0|429726441:0|joinedS_570758310_9939398569_9939398599_9939407828:0,0.0
141.0,0.0,13.85,3,cluster_11054542386_11054542387_11054542395:0|429726441:0|joinedS_570758310_9939398569_9939398599_9939407828:0,0.0
142.0,0.0,14.058,3,cluster_11054542386_11054542387_11054542395:0|429726441:0|joinedS_570758310_9939398569_9939398599_9939407828:0,0.0
143.0,0.0,14.277,6,cluster_11054542386_11054542387_11054542395:0|429726441:0|joinedS_570758310_9939398569_9939398599_9939407828:0,0.0
144.0,0.0,13.911,3,cluster_11054542386_11054542387_11054542395:0|429726441:0|joinedS_570758310_9939398569_9939398599_9939407828:0,0.0
145.0,0.0,14.178,3,cluster_11054542386_11054542387_11054542395:0|429726441:0|joinedS_570758310_9939398569_9939398599_9939407828:0,0.0
146.0,0.0,14.073,3,cluster_11054542386_11054542387_11054542395:0|429726441:0|joinedS_570758310_9939398569_9939398599_9939407828:0,0.0
147.0,0.0,14.372,0,cluster_11054542386_11054542387_11054542395:0|429726441:0|joinedS_570758310_9939398569_9939398599_9939407828:0,0.0
148.0,0.0,14.619,0,cluster_11054542386_11054542387_11054542395:0|429726441:0|joinedS_570758310_9939398569_9939398599_9939407828:0,0.0
149.0,0.0,14.502,0,cluster_11054542386_11054542387_11054542395:0|429726441:0|joinedS_570758310_9939398569_9939398599_9939407828:0,0.0
150.0,0.0,14.732,0,cluster_11054542386_11054542387_11054542395:0|429726441:0|joinedS_570758310_9939398569_9939398599_9939407828:0,0.0
151.0,0.0,14.982,0,cluster_11054542386_11054542387_11054542395:0|429726441:0|joinedS_570758310_9939398569_9939398599_9939407828:0,0.0
152.0,0.0,14.844,0,cluster_11054542386_11054542387_11054542395:0|429726441:0|joinedS_570758310_9939398569_9939398599_9939407828:0,0.0
153.0,0.0,14.249,0,cluster_11054542386_11054542387_11054542395:0|429726441:0|joinedS_570758310_9939398569_9939398599_9939407828:0,0.0
154.0,0.0,14.465,0,cluster_11054542386_11054542387_11054542395:0|429726441:0|joinedS_570758310_9939398569_9939398599_9939407828:0,0.0
155.0,0.0,14.322,0,cluster_11054542386_11054542387_11054542395:0|429726441:0|joinedS_570758310_9939398569_9939398599_9939407828:0,0.0
156.0,0.0,14.555,0,cluster_11054542386_11054542387_11054542395:0|429726441:0|joinedS_570758310_9939398569_9939398599_9939407828:0,0.0
157.0,0.0,14.474,0,cluster_11054542386_11054542387_11054542395:0|429726441:0|joinedS_570758310_9939398569_9939398599_9939407828:0,0.0
158.0,0.0,14.048,0,cluster_11054542386_11054542387_11054542395:0|429726441:0|joinedS_570758310_9939398569_9939398599_9939407828:0,0.0
159.0,0.0,14.278,0,cluster_11054542386_11054542387_11054542395:0|429726441:0|joinedS_570758310_9939398569_9939398599_9939407828:0,0.0
160.0,0.0,13.983,0,cluster_11054542386_11054542387_11054542395:0|429726441:0|joinedS_570758310_9939398569_9939398599_9939407828:0,0.0
161.0,0.0,13.489,0,cluster_11054542386_11054542387_11054542395:0|429726441:0|joinedS_570758310_9939398569_9939398599_9939407828:0,0.0
162.0,0.0,13.77,0,cluster_11054542386_11054542387_11054542395:0|429726441:0|joinedS_570758310_9939398569_9939398599_9939407828:0,0.0
163.0,0.0,13.639,0,cluster_11054542386_11054542387_11054542395:0|429726441:0|joinedS_570758310_9939398569_9939398599_9939407828:0,0.0
164.0,0.0,13.887,0,cluster_11054542386_11054542387_11054542395:0|429726441:0|joinedS_570758310_9939398569_9939398599_9939407828:0,0.0
165.0,0.0,14.245,0,cluster_11054542386_11054542387_11054542395:0|429726441:0|joinedS_570758310_9939398569_9939398599_9939407828:0,0.0
166.0,0.0,14.081,0,cluster_11054542386_11054542387_11054542395:0|429726441:0|joinedS_570758310_9939398569_9939398599_9939407828:0,0.0
167.0,0.0,14.284,0,cluster_11054542386_11054542387_11054542395:0|429726441:0|joinedS_570758310_9939398569_9939398599_9939407828:0,0.0
168.0,0.0,14.507,0,cluster_11054542386_11054542387_11054542395:0|429726441:0|joinedS_570758310_9939398569_9939398599_9939407828:0,0.0
169.0,0.0,14.374,0,cluster_11054542386_11054542387_11054542395:0|429726441:0|joinedS_570758310_9939398569_9939398599_9939407828:0,0.0
170.0,0.0,14.608,0,cluster_11054542386_11054542387_11054542395:0|429726441:0|joinedS_570758310_9939398569_9939398599_9939407828:0,0.0
171.0,0.0,14.38,0,cluster_11054542386_11054542387_11054542395:0|429726441:0|joinedS_570758310_9939398569_9939398599_9939407828:0,0.0
172.0,0.0,14.207,0,cluster_11054542386_11054542387_11054542395:0|429726441:0|joinedS_570758310_9939398569_9939398599_9939407828:0,0.0
173.0,0.0,14.461,0,cluster_11054542386_11054542387_11054542395:0|429726441:0|joinedS_570758310_9939398569_9939398599_9939407828:0,0.0
174.0,0.0,14.731,0,cluster_11054542386_11054542387_11054542395:0|429726441:0|joinedS_570758310_9939398569_9939398599_9939407828:0,0.0
175.0,0.0,14.577,0,cluster_11054542386_11054542387_11054542395:0|429726441:0|joinedS_570758310_9939398569_9939398599_9939407828:0,0.0
176.0,0.0,14.883,0,cluster_11054542386_11054542387_11054542395:0|429726441:0|joinedS_570758310_9939398569_9939398599_9939407828:0,0.0
177.0,0.0,15.217,0,cluster_11054542386_11054542387_11054542395:0|429726441:0|joinedS_570758310_9939398569_9939398599_9939407828:0,0.0
178.0,0.0,14.835,0,cluster_11054542386_11054542387_11054542395:0|429726441:0|joinedS_570758310_9939398569_9939398599_9939407828:0,0.0
179.0,0.0,15.145,0,cluster_11054542386_11054542387_11054542395:0|429726441:0|joinedS_570758310_9939398569_9939398599_9939407828:0,0.0
180.0,0.0,15.014,0,cluster_11054542386_11054542387_11054542395:0|429726441:0|joinedS_570758310_9939398569_9939398599_9939407828:0,0.0
181.0,0.0,15.351,0,cluster_11054542386_11054542387_11054542395:0|429726441:0|joinedS_570758310_9939398569_9939398599_9939407828:0,0.0
182.0,0.0,15.651,0,cluster_11054542386_11054542387_11054542395:0|429726441:0|joinedS_570758310_9939398569_9939398599_9939407828:0,0.0
183.0,0.0,15.595,0,cluster_11054542386_11054542387_11054542395:0|429726441:0|joinedS_570758310_9939398569_9939398599_9939407828:0,0.0
184.0,0.0,15.97,0,cluster_11054542386_11054542387_11054542395:0|429726441:0|joinedS_570758310_9939398569_9939398599_9939407828:0,0.0
185.0,0.0,16.403,0,cluster_11054542386_11054542387_11054542395:0|429726441:0|joinedS_570758310_9939398569_9939398599_9939407828:0,0.0
186.0,0.0,16.289,0,cluster_11054542386_11054542387_11054542395:0|429726441:0|joinedS_570758310_9939398569_9939398599_9939407828:0,0.0
187.0,0.0,16.631,0,cluster_11054542386_11054542387_11054542395:0|429726441:0|joinedS_570758310_9939398569_9939398599_9939407828:0,0.0
188.0,0.0,16.532,0,cluster_11054542386_11054542387_11054542395:0|429726441:0|joinedS_570758310_9939398569_9939398599_9939407828:0,0.0
189.0,0.0,16.43,0,cluster_11054542386_11054542387_11054542395:0|429726441:0|joinedS_570758310_9939398569_9939398599_9939407828:0,0.0
190.0,0.0,16.448,0,cluster_11054542386_11054542387_11054542395:0|429726441:0|joinedS_570758310_9939398569_9939398599_9939407828:0,0.0
191.0,0.0,16.804,0,cluster_11054542386_11054542387_11054542395:0|429726441:0|joinedS_570758310_9939398569_9939398599_9939407828:0,0.0
192.0,0.0,16.019,0,cluster_11054542386_11054542387_11054542395:0|429726441:0|joinedS_570758310_9939398569_9939398599_9939407828:0,0.0
193.0,0.0,16.333,0,cluster_11054542386_11054542387_11054542395:0|429726441:0|joinedS_570758310_9939398569_9939398599_9939407828:0,0.0
194.0,0.0,15.665,0,cluster_11054542386_11054542387_11054542395:0|429726441:0|joinedS_570758310_9939398569_9939398599_9939407828:0,0.0
195.0,0.0,15.156,0,cluster_11054542386_11054542387_11054542395:0|429726441:0|joinedS_570758310_9939398569_9939398599_9939407828:0,0.0
196.0,0.0,15.481,0,cluster_11054542386_11054542387_11054542395:0|429726441:0|joinedS_570758310_9939398569_9939398599_9939407828:0,0.0
197.0,0.0,15.515,0,cluster_11054542386_11054542387_11054542395:0|429726441:0|joinedS_570758310_9939398569_9939398599_9939407828:0,0.0
198.0,0.0,15.278,1,cluster_11054542386_11054542387_11054542395:0|429726441:0|joinedS_570758310_9939398569_9939398599_9939407828:0,0.333
199.0,0.0,15.553,1,cluster_11054542386_11054542387_11054542395:0|429726441:0|joinedS_570758310_9939398569_9939398599_9939407828:0,0.333
200.0,0.0,15.42,1,cluster_11054542386_11054542387_11054542395:0|429726441:0|joinedS_570758310_9939398569_9939398599_9939407828:0,0.333
201.0,0.0,15.719,1,cluster_11054542386_11054542387_11054542395:0|429726441:0|joinedS_570758310_9939398569_9939398599_9939407828:0,0.333
202.0,0.0,16.056,1,cluster_11054542386_11054542387_11054542395:0|429726441:0|joinedS_570758310_9939398569_9939398599_9939407828:0,0.333
203.0,0.0,15.892,1,cluster_11054542386_11054542387_11054542395:0|429726441:0|joinedS_570758310_9939398569_9939398599_9939407828:0,0.333
204.0,0.0,16.164,1,cluster_11054542386_11054542387_11054542395:0|429726441:0|joinedS_570758310_9939398569_9939398599_9939407828:0,0.333
205.0,0.0,16.467,1,cluster_11054542386_11054542387_11054542395:0|429726441:0|joinedS_570758310_9939398569_9939398599_9939407828:0,0.333
206.0,0.0,16.349,1,cluster_11054542386_11054542387_11054542395:0|429726441:0|joinedS_570758310_9939398569_9939398599_9939407828:0,0.333
207.0,0.0,16.529,1,cluster_11054542386_11054542387_11054542395:0|429726441:0|joinedS_570758310_9939398569_9939398599_9939407828:0,0.333
208.0,0.0,16.725,1,cluster_11054542386_11054542387_11054542395:0|429726441:0|joinedS_570758310_9939398569_9939398599_9939407828:0,0.333
209.0,0.0,16.518,1,cluster_11054542386_11054542387_11054542395:0|429726441:0|joinedS_570758310_9939398569_9939398599_9939407828:0,0.333
210.0,0.0,16.812,1,cluster_11054542386_11054542387_11054542395:0|429726441:0|joinedS_570758310_9939398569_9939398599_9939407828:0,0.333
211.0,0.0,17.088,1,cluster_11054542386_11054542387_11054542395:0|429726441:0|joinedS_570758310_9939398569_9939398599_9939407828:0,0.333
212.0,0.0,16.866,1,cluster_11054542386_11054542387_11054542395:0|429726441:0|joinedS_570758310_9939398569_9939398599_9939407828:0,0.333
213.0,0.0,17.167,0,cluster_11054542386_11054542387_11054542395:0|429726441:0|joinedS_570758310_9939398569_9939398599_9939407828:0,0.0
214.0,0.0,16.939,0,cluster_11054542386_11054542387_11054542395:0|429726441:0|joinedS_570758310_9939398569_9939398599_9939407828:0,0.0
215.0,0.0,16.716,0,cluster_11054542386_11054542387_11054542395:0|429726441:0|joinedS_570758310_9939398569_9939398599_9939407828:0,0.0
216.0,0.0,17.005,0,cluster_11054542386_11054542387_11054542395:0|429726441:0|joinedS_570758310_9939398569_9939398599_9939407828:0,0.0
217.0,0.0,16.627,0,cluster_11054542386_11054542387_11054542395:0|429726441:0|joinedS_570758310_9939398569_9939398599_9939407828:0,0.0
218.0,0.0,16.905,0,cluster_11054542386_11054542387_11054542395:0|429726441:0|joinedS_570758310_9939398569_9939398599_9939407828:0,0.0
219.0,0.0,17.176,0,cluster_11054542386_11054542387_11054542395:0|429726441:0|joinedS_570758310_9939398569_9939398599_9939407828:0,0.0
220.0,0.0,16.833,0,cluster_11054542386_11054542387_11054542395:0|429726441:0|joinedS_570758310_9939398569_9939398599_9939407828:0,0.0
221.0,0.0,16.777,0,cluster_11054542386_11054542387_11054542395:0|429726441:0|joinedS_570758310_9939398569_9939398599_9939407828:0,0.0
222.0,0.0,17.051,0,cluster_11054542386_11054542387_11054542395:0|429726441:0|joinedS_570758310_9939398569_9939398599_9939407828:0,0.0
223.0,0.0,16.846,0,cluster_11054542386_11054542387_11054542395:0|429726441:0|joinedS_570758310_9939398569_9939398599_9939407828:0,0.0
224.0,0.0,17.084,0,cluster_11054542386_11054542387_11054542395:0|429726441:0|joinedS_570758310_9939398569_9939398599_9939407828:0,0.0
225.0,0.0,16.64,0,cluster_11054542386_11054542387_11054542395:0|429726441:0|joinedS_570758310_9939398569_9939398599_9939407828:0,0.0
226.0,0.0,16.474,0,cluster_11054542386_11054542387_11054542395:0|429726441:0|joinedS_570758310_9939398569_9939398599_9939407828:0,0.0
227.0,0.0,16.786,0,cluster_11054542386_11054542387_11054542395:0|429726441:0|joinedS_570758310_9939398569_9939398599_9939407828:0,0.0
228.0,0.0,17.078,0,cluster_11054542386_11054542387_11054542395:0|429726441:0|joinedS_570758310_9939398569_9939398599_9939407828:0,0.0
229.0,0.0,16.742,3,cluster_11054542386_11054542387_11054542395:0|429726441:0|joinedS_570758310_9939398569_9939398599_9939407828:0,0.333
230.0,0.0,17.039,3,cluster_11054542386_11054542387_11054542395:0|429726441:0|joinedS_570758310_9939398569_9939398599_9939407828:0,0.333
231.0,0.0,17.315,1,cluster_11054542386_11054542387_11054542395:0|429726441:0|joinedS_570758310_9939398569_9939398599_9939407828:0,0.333
232.0,0.0,17.083,1,cluster_11054542386_11054542387_11054542395:0|429726441:0|joinedS_570758310_9939398569_9939398599_9939407828:0,0.333
233.0,0.0,17.359,1,cluster_11054542386_11054542387_11054542395:0|429726441:0|joinedS_570758310_9939398569_9939398599_9939407828:0,0.333
234.0,0.0,17.152,1,cluster_11054542386_11054542387_11054542395:0|429726441:0|joinedS_570758310_9939398569_9939398599_9939407828:0,0.333
235.0,0.0,17.42,1,cluster_11054542386_11054542387_11054542395:0|429726441:0|joinedS_570758310_9939398569_9939398599_9939407828:0,0.333
236.0,0.0,17.714,0,cluster_11054542386_11054542387_11054542395:0|429726441:0|joinedS_570758310_9939398569_9939398599_9939407828:0,0.0
237.0,0.0,17.557,0,cluster_11054542386_11054542387_11054542395:0|429726441:0|joinedS_570758310_9939398569_9939398599_9939407828:0,0.0
238.0,0.0,17.835,0,cluster_11054542386_11054542387_11054542395:0|429726441:0|joinedS_570758310_9939398569_9939398599_9939407828:0,0.0
239.0,0.0,18.077,0,cluster_11054542386_11054542387_11054542395:0|429726441:0|joinedS_570758310_9939398569_9939398599_9939407828:0,0.0
240.0,0.0,17.874,0,cluster_11054542386_11054542387_11054542395:0|429726441:0|joinedS_570758310_9939398569_9939398599_9939407828:0,0.0
241.0,0.0,18.181,0,cluster_11054542386_11054542387_11054542395:0|429726441:0|joinedS_570758310_9939398569_9939398599_9939407828:0,0.0
242.0,0.0,18.084,0,cluster_11054542386_11054542387_11054542395:0|429726441:0|joinedS_570758310_9939398569_9939398599_9939407828:0,0.0
243.0,0.0,17.872,0,cluster_11054542386_11054542387_11054542395:0|429726441:0|joinedS_570758310_9939398569_9939398599_9939407828:0,0.0
244.0,0.0,18.164,0,cluster_11054542386_11054542387_11054542395:0|429726441:0|joinedS_570758310_9939398569_9939398599_9939407828:0,0.0
245.0,0.0,17.757,0,cluster_11054542386_11054542387_11054542395:0|429726441:0|joinedS_570758310_9939398569_9939398599_9939407828:0,0.0
246.0,0.0,16.579,0,cluster_11054542386_11054542387_11054542395:0|429726441:0|joinedS_570758310_9939398569_9939398599_9939407828:0,0.0
247.0,0.0,16.849,0,cluster_11054542386_11054542387_11054542395:0|429726441:0|joinedS_570758310_9939398569_9939398599_9939407828:0,0.0
248.0,0.0,17.135,0,cluster_11054542386_11054542387_11054542395:0|429726441:0|joinedS_570758310_9939398569_9939398599_9939407828:0,0.0
249.0,0.0,16.956,0,cluster_11054542386_11054542387_11054542395:0|429726441:0|joinedS_570758310_9939398569_9939398599_9939407828:0,0.0
250.0,0.0,17.214,0,cluster_11054542386_11054542387_11054542395:0|429726441:0|joinedS_570758310_9939398569_9939398599_9939407828:0,0.0
251.0,0.0,17.43,0,cluster_11054542386_11054542387_11054542395:0|429726441:0|joinedS_570758310_9939398569_9939398599_9939407828:0,0.0
252.0,0.0,17.209,0,cluster_11054542386_11054542387_11054542395:0|429726441:0|joinedS_570758310_9939398569_9939398599_9939407828:0,0.0
253.0,0.0,17.471,0,cluster_11054542386_11054542387_11054542395:0|429726441:0|joinedS_570758310_9939398569_9939398599_9939407828:0,0.0
254.0,0.0,17.245,0,cluster_11054542386_11054542387_11054542395:0|429726441:0|joinedS_570758310_9939398569_9939398599_9939407828:0,0.0
255.0,0.0,17.521,0,cluster_11054542386_11054542387_11054542395:0|429726441:0|joinedS_570758310_9939398569_9939398599_9939407828:0,0.0
256.0,0.0,17.786,0,cluster_11054542386_11054542387_11054542395:0|429726441:0|joinedS_570758310_9939398569_9939398599_9939407828:0,0.0
257.0,0.0,17.568,0,cluster_11054542386_11054542387_11054542395:0|429726441:0|joinedS_570758310_9939398569_9939398599_9939407828:0,0.0
258.0,0.0,17.834,0,cluster_11054542386_11054542387_11054542395:0|429726441:0|joinedS_570758310_9939398569_9939398599_9939407828:0,0.0
259.0,0.0,18.157,0,cluster_11054542386_11054542387_11054542395:0|429726441:0|joinedS_570758310_9939398569_9939398599_9939407828:0,0.0
260.0,0.0,17.976,0,cluster_11054542386_11054542387_11054542395:0|429726441:0|joinedS_570758310_9939398569_9939398599_9939407828:0,0.0
261.0,0.0,18.324,0,cluster_11054542386_11054542387_11054542395:0|429726441:0|joinedS_570758310_9939398569_9939398599_9939407828:0,0.0
262.0,0.0,18.748,0,cluster_11054542386_11054542387_11054542395:0|429726441:0|joinedS_570758310_9939398569_9939398599_9939407828:0,0.0
263.0,0.0,18.599,0,cluster_11054542386_11054542387_11054542395:0|429726441:0|joinedS_570758310_9939398569_9939398599_9939407828:0,0.0
264.0,0.0,19.005,0,cluster_11054542386_11054542387_11054542395:0|429726441:0|joinedS_570758310_9939398569_9939398599_9939407828:0,0.0
265.0,0.0,19.311,0,cluster_11054542386_11054542387_11054542395:0|429726441:0|joinedS_570758310_9939398569_9939398599_9939407828:0,0.0
266.0,0.0,19.274,0,cluster_11054542386_11054542387_11054542395:0|429726441:0|joinedS_570758310_9939398569_9939398599_9939407828:0,0.0
267.0,0.0,19.613,0,cluster_11054542386_11054542387_11054542395:0|429726441:0|joinedS_570758310_9939398569_9939398599_9939407828:0,0.0
268.0,0.0,18.653,0,cluster_11054542386_11054542387_11054542395:0|429726441:0|joinedS_570758310_9939398569_9939398599_9939407828:0,0.0
269.0,0.0,18.441,0,cluster_11054542386_11054542387_11054542395:0|429726441:0|joinedS_570758310_9939398569_9939398599_9939407828:0,0.0
270.0,0.0,18.034,0,cluster_11054542386_11054542387_11054542395:0|429726441:0|joinedS_570758310_9939398569_9939398599_9939407828:0,0.0
271.0,0.0,17.786,0,cluster_11054542386_11054542387_11054542395:0|429726441:0|joinedS_570758310_9939398569_9939398599_9939407828:0,0.0
272.0,0.0,18.033,0,cluster_11054542386_11054542387_11054542395:0|429726441:0|joinedS_570758310_9939398569_9939398599_9939407828:0,0.0
273.0,0.0,18.249,0,cluster_11054542386_11054542387_11054542395:0|429726441:0|joinedS_570758310_9939398569_9939398599_9939407828:0,0.0
274.0,0.0,18.19,0,cluster_11054542386_11054542387_11054542395:0|429726441:0|joinedS_570758310_9939398569_9939398599_9939407828:0,0.0
275.0,0.0,18.407,0,cluster_11054542386_11054542387_11054542395:0|429726441:0|joinedS_570758310_9939398569_9939398599_9939407828:0,0.0
276.0,0.0,18.68,0,cluster_11054542386_11054542387_11054542395:0|429726441:0|joinedS_570758310_9939398569_9939398599_9939407828:0,0.0
277.0,0.0,18.518,0,cluster_11054542386_11054542387_11054542395:0|429726441:0|joinedS_570758310_9939398569_9939398599_9939407828:0,0.0
278.0,0.0,18.797,0,cluster_11054542386_11054542387_11054542395:0|429726441:0|joinedS_570758310_9939398569_9939398599_9939407828:0,0.0
279.0,0.0,19.264,0,cluster_11054542386_11054542387_11054542395:0|429726441:0|joinedS_570758310_9939398569_9939398599_9939407828:0,0.0
280.0,0.0,19.044,0,cluster_11054542386_11054542387_11054542395:0|429726441:0|joinedS_570758310_9939398569_9939398599_9939407828:0,0.0
281.0,0.0,19.332,0,cluster_11054542386_11054542387_11054542395:0|429726441:0|joinedS_570758310_9939398569_9939398599_9939407828:0,0.0
282.0,0.0,19.09,0,cluster_11054542386_11054542387_11054542395:0|429726441:0|joinedS_570758310_9939398569_9939398599_9939407828:0,0.0
283.0,0.0,18.856,0,cluster_11054542386_11054542387_11054542395:0|429726441:0|joinedS_570758310_9939398569_9939398599_9939407828:0,0.0
284.0,0.0,19.138,0,cluster_11054542386_11054542387_11054542395:0|429726441:0|joinedS_570758310_9939398569_9939398599_9939407828:0,0.0
285.0,0.0,17.266,0,cluster_11054542386_11054542387_11054542395:0|429726441:0|joinedS_570758310_9939398569_9939398599_9939407828:0,0.0
286.0,0.0,17.079,3,cluster_11054542386_11054542387_11054542395:0|429726441:0|joinedS_570758310_9939398569_9939398599_9939407828:0,0.333
287.0,0.0,17.403,3,cluster_11054542386_11054542387_11054542395:0|429726441:0|joinedS_570758310_9939398569_9939398599_9939407828:0,0.333
288.0,0.0,16.897,1,cluster_11054542386_11054542387_11054542395:0|429726441:0|joinedS_570758310_9939398569_9939398599_9939407828:0,0.333
289.0,0.0,17.167,1,cluster_11054542386_11054542387_11054542395:0|429726441:0|joinedS_570758310_9939398569_9939398599_9939407828:0,0.333
290.0,0.0,17.428,1,cluster_11054542386_11054542387_11054542395:0|429726441:0|joinedS_570758310_9939398569_9939398599_9939407828:0,0.333
291.0,0.0,16.747,1,cluster_11054542386_11054542387_11054542395:0|429726441:0|joinedS_570758310_9939398569_9939398599_9939407828:0,0.333
292.0,0.0,16.781,0,cluster_11054542386_11054542387_11054542395:0|429726441:0|joinedS_570758310_9939398569_9939398599_9939407828:0,0.0
293.0,0.0,17.061,3,cluster_11054542386_11054542387_11054542395:0|429726441:0|joinedS_570758310_9939398569_9939398599_9939407828:0,0.333
294.0,0.0,16.855,1,cluster_11054542386_11054542387_11054542395:0|429726441:0|joinedS_570758310_9939398569_9939398599_9939407828:0,0.333
295.0,0.0,17.111,1,cluster_11054542386_11054542387_11054542395:0|429726441:0|joinedS_570758310_9939398569_9939398599_9939407828:0,0.333
296.0,0.0,17.392,1,cluster_11054542386_11054542387_11054542395:0|429726441:0|joinedS_570758310_9939398569_9939398599_9939407828:0,0.333
297.0,0.0,17.198,0,cluster_11054542386_11054542387_11054542395:0|429726441:0|joinedS_570758310_9939398569_9939398599_9939407828:0,0.0
298.0,0.0,17.543,0,cluster_11054542386_11054542387_11054542395:0|429726441:0|joinedS_570758310_9939398569_9939398599_9939407828:0,0.0
299.0,0.0,17.837,0,cluster_11054542386_11054542387_11054542395:0|429726441:0|joinedS_570758310_9939398569_9939398599_9939407828:0,0.0
300.0,0.0,17.603,0,cluster_11054542386_11054542387_11054542395:0|429726441:0|joinedS_570758310_9939398569_9939398599_9939407828:0,0.0
301.0,0.0,17.901,0,cluster_11054542386_11054542387_11054542395:0|429726441:0|joinedS_570758310_9939398569_9939398599_9939407828:0,0.0
302.0,0.0,18.115,0,cluster_11054542386_11054542387_11054542395:0|429726441:0|joinedS_570758310_9939398569_9939398599_9939407828:0,0.0
303.0,0.0,17.924,0,cluster_11054542386_11054542387_11054542395:0|429726441:0|joinedS_570758310_9939398569_9939398599_9939407828:0,0.0
304.0,0.0,18.206,0,cluster_11054542386_11054542387_11054542395:0|429726441:0|joinedS_570758310_9939398569_9939398599_9939407828:0,0.0
305.0,0.0,17.995,0,cluster_11054542386_11054542387_11054542395:0|429726441:0|joinedS_570758310_9939398569_9939398599_9939407828:0,0.0
306.0,0.0,18.225,0,cluster_11054542386_11054542387_11054542395:0|429726441:0|joinedS_570758310_9939398569_9939398599_9939407828:0,0.0
307.0,0.0,18.526,0,cluster_11054542386_11054542387_11054542395:0|429726441:0|joinedS_570758310_9939398569_9939398599_9939407828:0,0.0
308.0,0.0,18.318,0,cluster_11054542386_11054542387_11054542395:0|429726441:0|joinedS_570758310_9939398569_9939398599_9939407828:0,0.0
309.0,0.0,18.554,0,cluster_11054542386_11054542387_11054542395:0|429726441:0|joinedS_570758310_9939398569_9939398599_9939407828:0,0.0
310.0,0.0,18.569,0,cluster_11054542386_11054542387_11054542395:0|429726441:0|joinedS_570758310_9939398569_9939398599_9939407828:0,0.0
311.0,0.0,18.362,0,cluster_11054542386_11054542387_11054542395:0|429726441:0|joinedS_570758310_9939398569_9939398599_9939407828:0,0.0
312.0,0.0,18.112,0,cluster_11054542386_11054542387_11054542395:0|429726441:0|joinedS_570758310_9939398569_9939398599_9939407828:0,0.0
313.0,0.0,18.349,0,cluster_11054542386_11054542387_11054542395:0|429726441:0|joinedS_570758310_9939398569_9939398599_9939407828:0,0.0
314.0,0.0,17.643,0,cluster_11054542386_11054542387_11054542395:0|429726441:0|joinedS_570758310_9939398569_9939398599_9939407828:0,0.0
315.0,0.0,17.639,0,cluster_11054542386_11054542387_11054542395:0|429726441:0|joinedS_570758310_9939398569_9939398599_9939407828:0,0.0
316.0,0.0,17.885,0,cluster_11054542386_11054542387_11054542395:0|429726441:0|joinedS_570758310_9939398569_9939398599_9939407828:0,0.0
317.0,0.0,17.696,0,cluster_11054542386_11054542387_11054542395:0|429726441:0|joinedS_570758310_9939398569_9939398599_9939407828:0,0.0
318.0,0.0,18.002,0,cluster_11054542386_11054542387_11054542395:0|429726441:0|joinedS_570758310_9939398569_9939398599_9939407828:0,0.0
319.0,0.0,18.316,0,cluster_11054542386_11054542387_11054542395:0|429726441:0|joinedS_570758310_9939398569_9939398599_9939407828:0,0.0
320.0,0.0,18.228,0,cluster_11054542386_11054542387_11054542395:0|429726441:0|joinedS_570758310_9939398569_9939398599_9939407828:0,0.0
321.0,0.0,18.574,0,cluster_11054542386_11054542387_11054542395:0|429726441:0|joinedS_570758310_9939398569_9939398599_9939407828:0,0.0
322.0,0.0,18.874,0,cluster_11054542386_11054542387_11054542395:0|429726441:0|joinedS_570758310_9939398569_9939398599_9939407828:0,0.0
323.0,0.0,18.688,0,cluster_11054542386_11054542387_11054542395:0|429726441:0|joinedS_570758310_9939398569_9939398599_9939407828:0,0.0
324.0,0.0,19.024,0,cluster_11054542386_11054542387_11054542395:0|429726441:0|joinedS_570758310_9939398569_9939398599_9939407828:0,0.0
325.0,0.0,18.529,0,cluster_11054542386_11054542387_11054542395:0|429726441:0|joinedS_570758310_9939398569_9939398599_9939407828:0,0.0
326.0,0.0,18.777,0,cluster_11054542386_11054542387_11054542395:0|429726441:0|joinedS_570758310_9939398569_9939398599_9939407828:0,0.0
327.0,0.0,18.689,0,cluster_11054542386_11054542387_11054542395:0|429726441:0|joinedS_570758310_9939398569_9939398599_9939407828:0,0.0
328.0,0.0,17.815,0,cluster_11054542386_11054542387_11054542395:0|429726441:0|joinedS_570758310_9939398569_9939398599_9939407828:0,0.0
329.0,0.0,18.105,0,cluster_11054542386_11054542387_11054542395:0|429726441:0|joinedS_570758310_9939398569_9939398599_9939407828:0,0.0
330.0,0.0,18.465,0,cluster_11054542386_11054542387_11054542395:0|429726441:0|joinedS_570758310_9939398569_9939398599_9939407828:0,0.0
331.0,0.0,18.262,0,cluster_11054542386_11054542387_11054542395:0|429726441:0|joinedS_570758310_9939398569_9939398599_9939407828:0,0.0
332.0,0.0,18.504,0,cluster_11054542386_11054542387_11054542395:0|429726441:0|joinedS_570758310_9939398569_9939398599_9939407828:0,0.0
333.0,0.0,18.841,0,cluster_11054542386_11054542387_11054542395:0|429726441:0|joinedS_570758310_9939398569_9939398599_9939407828:0,0.0
334.0,0.0,18.711,0,cluster_11054542386_11054542387_11054542395:0|429726441:0|joinedS_570758310_9939398569_9939398599_9939407828:0,0.0
335.0,0.0,18.989,0,cluster_11054542386_11054542387_11054542395:0|429726441:0|joinedS_570758310_9939398569_9939398599_9939407828:0,0.0
336.0,0.0,19.28,0,cluster_11054542386_11054542387_11054542395:0|429726441:0|joinedS_570758310_9939398569_9939398599_9939407828:0,0.0
337.0,0.0,18.977,0,cluster_11054542386_11054542387_11054542395:0|429726441:0|joinedS_570758310_9939398569_9939398599_9939407828:0,0.0
338.0,0.0,19.299,0,cluster_11054542386_11054542387_11054542395:0|429726441:0|joinedS_570758310_9939398569_9939398599_9939407828:0,0.0
339.0,0.0,19.588,0,cluster_11054542386_11054542387_11054542395:0|429726441:0|joinedS_570758310_9939398569_9939398599_9939407828:0,0.0
340.0,0.0,19.038,0,cluster_11054542386_11054542387_11054542395:0|429726441:0|joinedS_570758310_9939398569_9939398599_9939407828:0,0.0
341.0,0.0,19.326,0,cluster_11054542386_11054542387_11054542395:0|429726441:0|joinedS_570758310_9939398569_9939398599_9939407828:0,0.0
342.0,0.0,19.11,0,cluster_11054542386_11054542387_11054542395:0|429726441:0|joinedS_570758310_9939398569_9939398599_9939407828:0,0.0
343.0,0.0,18.988,3,cluster_11054542386_11054542387_11054542395:0|429726441:0|joinedS_570758310_9939398569_9939398599_9939407828:0,0.333
344.0,0.0,19.265,3,cluster_11054542386_11054542387_11054542395:0|429726441:0|joinedS_570758310_9939398569_9939398599_9939407828:0,0.333
345.0,0.0,19.035,1,cluster_11054542386_11054542387_11054542395:0|429726441:0|joinedS_570758310_9939398569_9939398599_9939407828:0,0.333
346.0,0.0,19.341,1,cluster_11054542386_11054542387_11054542395:0|429726441:0|joinedS_570758310_9939398569_9939398599_9939407828:0,0.333
347.0,0.0,19.621,1,cluster_11054542386_11054542387_11054542395:0|429726441:0|joinedS_570758310_9939398569_9939398599_9939407828:0,0.333
348.0,0.0,19.194,1,cluster_11054542386_11054542387_11054542395:0|429726441:0|joinedS_570758310_9939398569_9939398599_9939407828:0,0.333
349.0,0.0,19.414,1,cluster_11054542386_11054542387_11054542395:0|429726441:0|joinedS_570758310_9939398569_9939398599_9939407828:0,0.333
350.0,0.0,18.684,0,cluster_11054542386_11054542387_11054542395:0|429726441:0|joinedS_570758310_9939398569_9939398599_9939407828:0,0.0
351.0,0.0,17.657,0,cluster_11054542386_11054542387_11054542395:0|429726441:0|joinedS_570758310_9939398569_9939398599_9939407828:0,0.0
352.0,0.0,17.865,0,cluster_11054542386_11054542387_11054542395:0|429726441:0|joinedS_570758310_9939398569_9939398599_9939407828:0,0.0
353.0,0.0,18.167,0,cluster_11054542386_11054542387_11054542395:0|429726441:0|joinedS_570758310_9939398569_9939398599_9939407828:0,0.0
354.0,0.0,17.908,0,cluster_11054542386_11054542387_11054542395:0|429726441:0|joinedS_570758310_9939398569_9939398599_9939407828:0,0.0
355.0,0.0,18.149,0,cluster_11054542386_11054542387_11054542395:0|429726441:0|joinedS_570758310_9939398569_9939398599_9939407828:0,0.0
356.0,0.0,18.424,0,cluster_11054542386_11054542387_11054542395:0|429726441:0|joinedS_570758310_9939398569_9939398599_9939407828:0,0.0
357.0,0.0,18.155,0,cluster_11054542386_11054542387_11054542395:0|429726441:0|joinedS_570758310_9939398569_9939398599_9939407828:0,0.0
358.0,0.0,16.378,1,cluster_11054542386_11054542387_11054542395:0|429726441:0|joinedS_570758310_9939398569_9939398599_9939407828:0,0.333
359.0,0.0,15.338,1,cluster_11054542386_11054542387_11054542395:0|429726441:0|joinedS_570758310_9939398569_9939398599_9939407828:0,0.333
360.0,0.0,15.576,0,cluster_11054542386_11054542387_11054542395:0|429726441:0|joinedS_570758310_9939398569_9939398599_9939407828:0,0.0
361.0,0.0,15.804,0,cluster_11054542386_11054542387_11054542395:0|429726441:0|joinedS_570758310_9939398569_9939398599_9939407828:0,0.0
362.0,0.0,15.55,0,cluster_11054542386_11054542387_11054542395:0|429726441:0|joinedS_570758310_9939398569_9939398599_9939407828:0,0.0
363.0,0.0,15.709,0,cluster_11054542386_11054542387_11054542395:0|429726441:0|joinedS_570758310_9939398569_9939398599_9939407828:0,0.0
364.0,0.0,15.888,0,cluster_11054542386_11054542387_11054542395:0|429726441:0|joinedS_570758310_9939398569_9939398599_9939407828:0,0.0
365.0,0.0,15.634,0,cluster_11054542386_11054542387_11054542395:0|429726441:0|joinedS_570758310_9939398569_9939398599_9939407828:0,0.0
366.0,0.0,15.797,0,cluster_11054542386_11054542387_11054542395:0|429726441:0|joinedS_570758310_9939398569_9939398599_9939407828:0,0.0
367.0,0.0,15.993,0,cluster_11054542386_11054542387_11054542395:0|429726441:0|joinedS_570758310_9939398569_9939398599_9939407828:0,0.0
368.0,0.0,15.68,0,cluster_11054542386_11054542387_11054542395:0|429726441:0|joinedS_570758310_9939398569_9939398599_9939407828:0,0.0
369.0,0.0,15.811,0,cluster_11054542386_11054542387_11054542395:0|429726441:0|joinedS_570758310_9939398569_9939398599_9939407828:0,0.0
370.0,0.0,16.015,0,cluster_11054542386_11054542387_11054542395:0|429726441:0|joinedS_570758310_9939398569_9939398599_9939407828:0,0.0
371.0,0.0,15.813,0,cluster_11054542386_11054542387_11054542395:0|429726441:0|joinedS_570758310_9939398569_9939398599_9939407828:0,0.0
372.0,0.0,16.002,0,cluster_11054542386_11054542387_11054542395:0|429726441:0|joinedS_570758310_9939398569_9939398599_9939407828:0,0.0
373.0,0.0,15.479,0,cluster_11054542386_11054542387_11054542395:0|429726441:0|joinedS_570758310_9939398569_9939398599_9939407828:0,0.0
374.0,0.0,15.222,0,cluster_11054542386_11054542387_11054542395:0|429726441:0|joinedS_570758310_9939398569_9939398599_9939407828:0,0.0
375.0,0.0,15.469,0,cluster_11054542386_11054542387_11054542395:0|429726441:0|joinedS_570758310_9939398569_9939398599_9939407828:0,0.0
376.0,0.0,15.584,0,cluster_11054542386_11054542387_11054542395:0|429726441:0|joinedS_570758310_9939398569_9939398599_9939407828:0,0.0
377.0,0.0,14.835,0,cluster_11054542386_11054542387_11054542395:0|429726441:0|joinedS_570758310_9939398569_9939398599_9939407828:0,0.0
378.0,0.0,15.118,0,cluster_11054542386_11054542387_11054542395:0|429726441:0|joinedS_570758310_9939398569_9939398599_9939407828:0,0.0
379.0,0.0,15.011,0,cluster_11054542386_11054542387_11054542395:0|429726441:0|joinedS_570758310_9939398569_9939398599_9939407828:0,0.0
380.0,0.0,14.187,0,cluster_11054542386_11054542387_11054542395:0|429726441:0|joinedS_570758310_9939398569_9939398599_9939407828:0,0.0
381.0,0.0,14.513,0,cluster_11054542386_11054542387_11054542395:0|429726441:0|joinedS_570758310_9939398569_9939398599_9939407828:0,0.0
382.0,0.0,14.449,0,cluster_11054542386_11054542387_11054542395:0|429726441:0|joinedS_570758310_9939398569_9939398599_9939407828:0,0.0
383.0,0.0,14.743,0,cluster_11054542386_11054542387_11054542395:0|429726441:0|joinedS_570758310_9939398569_9939398599_9939407828:0,0.0
384.0,0.0,14.998,0,cluster_11054542386_11054542387_11054542395:0|429726441:0|joinedS_570758310_9939398569_9939398599_9939407828:0,0.0
385.0,0.0,14.858,0,cluster_11054542386_11054542387_11054542395:0|429726441:0|joinedS_570758310_9939398569_9939398599_9939407828:0,0.0
386.0,0.0,15.239,0,cluster_11054542386_11054542387_11054542395:0|429726441:0|joinedS_570758310_9939398569_9939398599_9939407828:0,0.0
387.0,0.0,15.586,0,cluster_11054542386_11054542387_11054542395:0|429726441:0|joinedS_570758310_9939398569_9939398599_9939407828:0,0.0
388.0,0.0,15.476,0,cluster_11054542386_11054542387_11054542395:0|429726441:0|joinedS_570758310_9939398569_9939398599_9939407828:0,0.0
389.0,0.0,15.754,0,cluster_11054542386_11054542387_11054542395:0|429726441:0|joinedS_570758310_9939398569_9939398599_9939407828:0,0.0
390.0,0.0,14.563,0,cluster_11054542386_11054542387_11054542395:0|429726441:0|joinedS_570758310_9939398569_9939398599_9939407828:0,0.0
391.0,0.0,14.385,0,cluster_11054542386_11054542387_11054542395:0|429726441:0|joinedS_570758310_9939398569_9939398599_9939407828:0,0.0
392.0,0.0,14.646,1,cluster_11054542386_11054542387_11054542395:0|429726441:0|joinedS_570758310_9939398569_9939398599_9939407828:0,0.333
393.0,0.0,14.917,1,cluster_11054542386_11054542387_11054542395:0|429726441:0|joinedS_570758310_9939398569_9939398599_9939407828:0,0.333
394.0,0.0,14.772,1,cluster_11054542386_11054542387_11054542395:0|429726441:0|joinedS_570758310_9939398569_9939398599_9939407828:0,0.333
395.0,0.0,14.401,0,cluster_11054542386_11054542387_11054542395:0|429726441:0|joinedS_570758310_9939398569_9939398599_9939407828:0,0.0
396.0,0.0,14.32,0,cluster_11054542386_11054542387_11054542395:0|429726441:0|joinedS_570758310_9939398569_9939398599_9939407828:0,0.0
397.0,0.0,14.579,0,cluster_11054542386_11054542387_11054542395:0|429726441:0|joinedS_570758310_9939398569_9939398599_9939407828:0,0.0
398.0,0.0,14.717,0,cluster_11054542386_11054542387_11054542395:0|429726441:0|joinedS_570758310_9939398569_9939398599_9939407828:0,0.0
399.0,0.0,14.565,0,cluster_11054542386_11054542387_11054542395:0|429726441:0|joinedS_570758310_9939398569_9939398599_9939407828:0,0.0
400.0,0.0,14.831,0,cluster_11054542386_11054542387_11054542395:0|429726441:0|joinedS_570758310_9939398569_9939398599_9939407828:0,0.0
401.0,0.0,15.111,0,cluster_11054542386_11054542387_11054542395:0|429726441:0|joinedS_570758310_9939398569_9939398599_9939407828:0,0.0
402.0,0.0,14.915,0,cluster_11054542386_11054542387_11054542395:0|429726441:0|joinedS_570758310_9939398569_9939398599_9939407828:0,0.0
403.0,0.0,15.151,0,cluster_11054542386_11054542387_11054542395:0|429726441:0|joinedS_570758310_9939398569_9939398599_9939407828:0,0.0
404.0,0.0,15.39,0,cluster_11054542386_11054542387_11054542395:0|429726441:0|joinedS_570758310_9939398569_9939398599_9939407828:0,0.0
405.0,0.0,15.202,0,cluster_11054542386_11054542387_11054542395:0|429726441:0|joinedS_570758310_9939398569_9939398599_9939407828:0,0.0
406.0,0.0,15.351,0,cluster_11054542386_11054542387_11054542395:0|429726441:0|joinedS_570758310_9939398569_9939398599_9939407828:0,0.0
407.0,0.0,15.605,0,cluster_11054542386_11054542387_11054542395:0|429726441:0|joinedS_570758310_9939398569_9939398599_9939407828:0,0.0
408.0,0.0,15.404,0,cluster_11054542386_11054542387_11054542395:0|429726441:0|joinedS_570758310_9939398569_9939398599_9939407828:0,0.0
409.0,0.0,15.669,0,cluster_11054542386_11054542387_11054542395:0|429726441:0|joinedS_570758310_9939398569_9939398599_9939407828:0,0.0
410.0,0.0,15.487,0,cluster_11054542386_11054542387_11054542395:0|429726441:0|joinedS_570758310_9939398569_9939398599_9939407828:0,0.0
411.0,0.0,15.32,0,cluster_11054542386_11054542387_11054542395:0|429726441:0|joinedS_570758310_9939398569_9939398599_9939407828:0,0.0
412.0,0.0,15.578,0,cluster_11054542386_11054542387_11054542395:0|429726441:0|joinedS_570758310_9939398569_9939398599_9939407828:0,0.0
413.0,0.0,15.056,0,cluster_11054542386_11054542387_11054542395:0|429726441:0|joinedS_570758310_9939398569_9939398599_9939407828:0,0.0
414.0,0.0,15.307,0,cluster_11054542386_11054542387_11054542395:0|429726441:0|joinedS_570758310_9939398569_9939398599_9939407828:0,0.0
415.0,0.0,15.424,1,cluster_11054542386_11054542387_11054542395:0|429726441:0|joinedS_570758310_9939398569_9939398599_9939407828:0,0.333
416.0,0.0,15.233,1,cluster_11054542386_11054542387_11054542395:0|429726441:0|joinedS_570758310_9939398569_9939398599_9939407828:0,0.333
417.0,0.0,15.456,1,cluster_11054542386_11054542387_11054542395:0|429726441:0|joinedS_570758310_9939398569_9939398599_9939407828:0,0.333
418.0,0.0,15.671,1,cluster_11054542386_11054542387_11054542395:0|429726441:0|joinedS_570758310_9939398569_9939398599_9939407828:0,0.333
419.0,0.0,15.486,1,cluster_11054542386_11054542387_11054542395:0|429726441:0|joinedS_570758310_9939398569_9939398599_9939407828:0,0.333
420.0,0.0,15.425,1,cluster_11054542386_11054542387_11054542395:0|429726441:0|joinedS_570758310_9939398569_9939398599_9939407828:0,0.333
421.0,0.0,15.728,1,cluster_11054542386_11054542387_11054542395:0|429726441:0|joinedS_570758310_9939398569_9939398599_9939407828:0,0.333
422.0,0.0,15.329,1,cluster_11054542386_11054542387_11054542395:0|429726441:0|joinedS_570758310_9939398569_9939398599_9939407828:0,0.333
423.0,0.0,15.571,1,cluster_11054542386_11054542387_11054542395:0|429726441:0|joinedS_570758310_9939398569_9939398599_9939407828:0,0.333
424.0,0.0,15.891,0,cluster_11054542386_11054542387_11054542395:0|429726441:0|joinedS_570758310_9939398569_9939398599_9939407828:0,0.0
425.0,0.0,15.766,0,cluster_11054542386_11054542387_11054542395:0|429726441:0|joinedS_570758310_9939398569_9939398599_9939407828:0,0.0
426.0,0.0,16.066,0,cluster_11054542386_11054542387_11054542395:0|429726441:0|joinedS_570758310_9939398569_9939398599_9939407828:0,0.0
427.0,0.0,16.332,0,cluster_11054542386_11054542387_11054542395:0|429726441:0|joinedS_570758310_9939398569_9939398599_9939407828:0,0.0
428.0,0.0,15.874,0,cluster_11054542386_11054542387_11054542395:0|429726441:0|joinedS_570758310_9939398569_9939398599_9939407828:0,0.0
429.0,0.0,16.244,0,cluster_11054542386_11054542387_11054542395:0|429726441:0|joinedS_570758310_9939398569_9939398599_9939407828:0,0.0
430.0,0.0,15.826,0,cluster_11054542386_11054542387_11054542395:0|429726441:0|joinedS_570758310_9939398569_9939398599_9939407828:0,0.0
431.0,0.0,15.584,0,cluster_11054542386_11054542387_11054542395:0|429726441:0|joinedS_570758310_9939398569_9939398599_9939407828:0,0.0
432.0,0.0,15.795,0,cluster_11054542386_11054542387_11054542395:0|429726441:0|joinedS_570758310_9939398569_9939398599_9939407828:0,0.0
433.0,0.0,15.307,0,cluster_11054542386_11054542387_11054542395:0|429726441:0|joinedS_570758310_9939398569_9939398599_9939407828:0,0.0
434.0,0.0,15.514,0,cluster_11054542386_11054542387_11054542395:0|429726441:0|joinedS_570758310_9939398569_9939398599_9939407828:0,0.0
435.0,0.0,15.706,0,cluster_11054542386_11054542387_11054542395:0|429726441:0|joinedS_570758310_9939398569_9939398599_9939407828:0,0.0
436.0,0.0,15.495,0,cluster_11054542386_11054542387_11054542395:0|429726441:0|joinedS_570758310_9939398569_9939398599_9939407828:0,0.0
437.0,0.0,15.741,0,cluster_11054542386_11054542387_11054542395:0|429726441:0|joinedS_570758310_9939398569_9939398599_9939407828:0,0.0
438.0,0.0,15.315,0,cluster_11054542386_11054542387_11054542395:0|429726441:0|joinedS_570758310_9939398569_9939398599_9939407828:0,0.0
439.0,0.0,15.172,0,cluster_11054542386_11054542387_11054542395:0|429726441:0|joinedS_570758310_9939398569_9939398599_9939407828:0,0.0
440.0,0.0,15.493,0,cluster_11054542386_11054542387_11054542395:0|429726441:0|joinedS_570758310_9939398569_9939398599_9939407828:0,0.0
441.0,0.0,15.854,3,cluster_11054542386_11054542387_11054542395:0|429726441:0|joinedS_570758310_9939398569_9939398599_9939407828:0,0.0
442.0,0.0,15.757,3,cluster_11054542386_11054542387_11054542395:0|429726441:0|joinedS_570758310_9939398569_9939398599_9939407828:0,0.0
443.0,0.0,16.048,3,cluster_11054542386_11054542387_11054542395:0|429726441:0|joinedS_570758310_9939398569_9939398599_9939407828:0,0.0
444.0,0.0,16.303,3,cluster_11054542386_11054542387_11054542395:0|429726441:0|joinedS_570758310_9939398569_9939398599_9939407828:0,0.0
445.0,0.0,15.278,6,cluster_11054542386_11054542387_11054542395:0|429726441:0|joinedS_570758310_9939398569_9939398599_9939407828:0,0.0
446.0,0.0,15.534,3,cluster_11054542386_11054542387_11054542395:0|429726441:0|joinedS_570758310_9939398569_9939398599_9939407828:0,0.0
447.0,0.0,15.842,3,cluster_11054542386_11054542387_11054542395:0|429726441:0|joinedS_570758310_9939398569_9939398599_9939407828:0,0.0
448.0,0.0,15.661,3,cluster_11054542386_11054542387_11054542395:0|429726441:0|joinedS_570758310_9939398569_9939398599_9939407828:0,0.0
449.0,0.0,15.935,0,cluster_11054542386_11054542387_11054542395:0|429726441:0|joinedS_570758310_9939398569_9939398599_9939407828:0,0.0
450.0,0.0,15.734,0,cluster_11054542386_11054542387_11054542395:0|429726441:0|joinedS_570758310_9939398569_9939398599_9939407828:0,0.0
451.0,0.0,16.065,0,cluster_11054542386_11054542387_11054542395:0|429726441:0|joinedS_570758310_9939398569_9939398599_9939407828:0,0.0
452.0,0.0,16.532,0,cluster_11054542386_11054542387_11054542395:0|429726441:0|joinedS_570758310_9939398569_9939398599_9939407828:0,0.0
453.0,0.0,15.612,0,cluster_11054542386_11054542387_11054542395:0|429726441:0|joinedS_570758310_9939398569_9939398599_9939407828:0,0.0
454.0,0.0,15.831,0,cluster_11054542386_11054542387_11054542395:0|429726441:0|joinedS_570758310_9939398569_9939398599_9939407828:0,0.0
455.0,0.0,16.109,1,cluster_11054542386_11054542387_11054542395:0|429726441:0|joinedS_570758310_9939398569_9939398599_9939407828:0,0.333
456.0,0.0,15.81,1,cluster_11054542386_11054542387_11054542395:0|429726441:0|joinedS_570758310_9939398569_9939398599_9939407828:0,0.333
457.0,0.0,16.045,0,cluster_11054542386_11054542387_11054542395:0|429726441:0|joinedS_570758310_9939398569_9939398599_9939407828:0,0.0
458.0,0.0,14.861,0,cluster_11054542386_11054542387_11054542395:0|429726441:0|joinedS_570758310_9939398569_9939398599_9939407828:0,0.0
459.0,0.0,14.097,0,cluster_11054542386_11054542387_11054542395:0|429726441:0|joinedS_570758310_9939398569_9939398599_9939407828:0,0.0
460.0,0.0,14.304,0,cluster_11054542386_11054542387_11054542395:0|429726441:0|joinedS_570758310_9939398569_9939398599_9939407828:0,0.0
461.0,0.0,14.503,0,cluster_11054542386_11054542387_11054542395:0|429726441:0|joinedS_570758310_9939398569_9939398599_9939407828:0,0.0
462.0,0.0,14.248,0,cluster_11054542386_11054542387_11054542395:0|429726441:0|joinedS_570758310_9939398569_9939398599_9939407828:0,0.0
463.0,0.0,14.426,0,cluster_11054542386_11054542387_11054542395:0|429726441:0|joinedS_570758310_9939398569_9939398599_9939407828:0,0.0
464.0,0.0,14.594,0,cluster_11054542386_11054542387_11054542395:0|429726441:0|joinedS_570758310_9939398569_9939398599_9939407828:0,0.0
465.0,0.0,14.357,0,cluster_11054542386_11054542387_11054542395:0|429726441:0|joinedS_570758310_9939398569_9939398599_9939407828:0,0.0
466.0,0.0,14.585,0,cluster_11054542386_11054542387_11054542395:0|429726441:0|joinedS_570758310_9939398569_9939398599_9939407828:0,0.0
467.0,0.0,14.42,0,cluster_11054542386_11054542387_11054542395:0|429726441:0|joinedS_570758310_9939398569_9939398599_9939407828:0,0.0
468.0,0.0,14.668,0,cluster_11054542386_11054542387_11054542395:0|429726441:0|joinedS_570758310_9939398569_9939398599_9939407828:0,0.0
469.0,0.0,14.876,0,cluster_11054542386_11054542387_11054542395:0|429726441:0|joinedS_570758310_9939398569_9939398599_9939407828:0,0.0
470.0,0.0,14.753,0,cluster_11054542386_11054542387_11054542395:0|429726441:0|joinedS_570758310_9939398569_9939398599_9939407828:0,0.0
471.0,0.0,15.006,0,cluster_11054542386_11054542387_11054542395:0|429726441:0|joinedS_570758310_9939398569_9939398599_9939407828:0,0.0
472.0,0.0,15.237,0,cluster_11054542386_11054542387_11054542395:0|429726441:0|joinedS_570758310_9939398569_9939398599_9939407828:0,0.0
473.0,0.0,15.065,0,cluster_11054542386_11054542387_11054542395:0|429726441:0|joinedS_570758310_9939398569_9939398599_9939407828:0,0.0
474.0,0.0,15.284,0,cluster_11054542386_11054542387_11054542395:0|429726441:0|joinedS_570758310_9939398569_9939398599_9939407828:0,0.0
475.0,0.0,15.485,0,cluster_11054542386_11054542387_11054542395:0|429726441:0|joinedS_570758310_9939398569_9939398599_9939407828:0,0.0
476.0,0.0,15.309,0,cluster_11054542386_11054542387_11054542395:0|429726441:0|joinedS_570758310_9939398569_9939398599_9939407828:0,0.0
477.0,0.0,15.268,0,cluster_11054542386_11054542387_11054542395:0|429726441:0|joinedS_570758310_9939398569_9939398599_9939407828:0,0.0
478.0,0.0,15.497,0,cluster_11054542386_11054542387_11054542395:0|429726441:0|joinedS_570758310_9939398569_9939398599_9939407828:0,0.0
479.0,0.0,15.272,0,cluster_11054542386_11054542387_11054542395:0|429726441:0|joinedS_570758310_9939398569_9939398599_9939407828:0,0.0
480.0,0.0,15.592,0,cluster_11054542386_11054542387_11054542395:0|429726441:0|joinedS_570758310_9939398569_9939398599_9939407828:0,0.0
481.0,0.0,15.497,0,cluster_11054542386_11054542387_11054542395:0|429726441:0|joinedS_570758310_9939398569_9939398599_9939407828:0,0.0
482.0,0.0,15.269,0,cluster_11054542386_11054542387_11054542395:0|429726441:0|joinedS_570758310_9939398569_9939398599_9939407828:0,0.0
483.0,0.0,15.6,0,cluster_11054542386_11054542387_11054542395:0|429726441:0|joinedS_570758310_9939398569_9939398599_9939407828:0,0.0
484.0,0.0,15.534,0,cluster_11054542386_11054542387_11054542395:0|429726441:0|joinedS_570758310_9939398569_9939398599_9939407828:0,0.0
485.0,0.0,15.999,0,cluster_11054542386_11054542387_11054542395:0|429726441:0|joinedS_570758310_9939398569_9939398599_9939407828:0,0.0
486.0,0.0,16.069,0,cluster_11054542386_11054542387_11054542395:0|429726441:0|joinedS_570758310_9939398569_9939398599_9939407828:0,0.0
487.0,0.0,15.939,0,cluster_11054542386_11054542387_11054542395:0|429726441:0|joinedS_570758310_9939398569_9939398599_9939407828:0,0.0
488.0,0.0,16.282,0,cluster_11054542386_11054542387_11054542395:0|429726441:0|joinedS_570758310_9939398569_9939398599_9939407828:0,0.0
489.0,0.0,16.566,0,cluster_11054542386_11054542387_11054542395:0|429726441:0|joinedS_570758310_9939398569_9939398599_9939407828:0,0.0
490.0,0.0,15.933,3,cluster_11054542386_11054542387_11054542395:0|429726441:0|joinedS_570758310_9939398569_9939398599_9939407828:0,0.0
491.0,0.0,15.718,3,cluster_11054542386_11054542387_11054542395:0|429726441:0|joinedS_570758310_9939398569_9939398599_9939407828:0,0.0
492.0,0.0,14.171,3,cluster_11054542386_11054542387_11054542395:0|429726441:0|joinedS_570758310_9939398569_9939398599_9939407828:0,0.0
493.0,0.0,14.026,3,cluster_11054542386_11054542387_11054542395:0|429726441:0|joinedS_570758310_9939398569_9939398599_9939407828:0,0.0
494.0,0.0,14.314,0,cluster_11054542386_11054542387_11054542395:0|429726441:0|joinedS_570758310_9939398569_9939398599_9939407828:0,0.0
495.0,0.0,13.788,0,cluster_11054542386_11054542387_11054542395:0|429726441:0|joinedS_570758310_9939398569_9939398599_9939407828:0,0.0
496.0,0.0,13.573,0,cluster_11054542386_11054542387_11054542395:0|429726441:0|joinedS_570758310_9939398569_9939398599_9939407828:0,0.0
497.0,0.0,13.905,0,cluster_11054542386_11054542387_11054542395:0|429726441:0|joinedS_570758310_9939398569_9939398599_9939407828:0,0.0
498.0,0.0,13.627,0,cluster_11054542386_11054542387_11054542395:0|429726441:0|joinedS_570758310_9939398569_9939398599_9939407828:0,0.0
499.0,0.0,13.454,0,cluster_11054542386_11054542387_11054542395:0|429726441:0|joinedS_570758310_9939398569_9939398599_9939407828:0,0.0
500.0,0.0,13.584,0,cluster_11054542386_11054542387_11054542395:0|429726441:0|joinedS_570758310_9939398569_9939398599_9939407828:0,0.0
501.0,0.0,13.656,0,cluster_11054542386_11054542387_11054542395:0|429726441:0|joinedS_570758310_9939398569_9939398599_9939407828:0,0.0
502.0,0.0,13.508,0,cluster_11054542386_11054542387_11054542395:0|429726441:0|joinedS_570758310_9939398569_9939398599_9939407828:0,0.0
503.0,0.0,13.768,0,cluster_11054542386_11054542387_11054542395:0|429726441:0|joinedS_570758310_9939398569_9939398599_9939407828:0,0.0
504.0,0.0,13.574,0,cluster_11054542386_11054542387_11054542395:0|429726441:0|joinedS_570758310_9939398569_9939398599_9939407828:0,0.0
505.0,0.0,13.888,0,cluster_11054542386_11054542387_11054542395:0|429726441:0|joinedS_570758310_9939398569_9939398599_9939407828:0,0.0
506.0,0.0,14.191,0,cluster_11054542386_11054542387_11054542395:0|429726441:0|joinedS_570758310_9939398569_9939398599_9939407828:0,0.0
507.0,0.0,14.085,0,cluster_11054542386_11054542387_11054542395:0|429726441:0|joinedS_570758310_9939398569_9939398599_9939407828:0,0.0
508.0,0.0,14.289,0,cluster_11054542386_11054542387_11054542395:0|429726441:0|joinedS_570758310_9939398569_9939398599_9939407828:0,0.0
509.0,0.0,14.518,0,cluster_11054542386_11054542387_11054542395:0|429726441:0|joinedS_570758310_9939398569_9939398599_9939407828:0,0.0
510.0,0.0,14.319,0,cluster_11054542386_11054542387_11054542395:0|429726441:0|joinedS_570758310_9939398569_9939398599_9939407828:0,0.0
511.0,0.0,14.453,0,cluster_11054542386_11054542387_11054542395:0|429726441:0|joinedS_570758310_9939398569_9939398599_9939407828:0,0.0
512.0,0.0,14.591,0,cluster_11054542386_11054542387_11054542395:0|429726441:0|joinedS_570758310_9939398569_9939398599_9939407828:0,0.0
513.0,0.0,14.391,0,cluster_11054542386_11054542387_11054542395:0|429726441:0|joinedS_570758310_9939398569_9939398599_9939407828:0,0.0
514.0,0.0,14.374,0,cluster_11054542386_11054542387_11054542395:0|429726441:0|joinedS_570758310_9939398569_9939398599_9939407828:0,0.0
515.0,0.0,14.305,0,cluster_11054542386_11054542387_11054542395:0|429726441:0|joinedS_570758310_9939398569_9939398599_9939407828:0,0.0
516.0,0.0,14.06,0,cluster_11054542386_11054542387_11054542395:0|429726441:0|joinedS_570758310_9939398569_9939398599_9939407828:0,0.0
517.0,0.0,14.263,0,cluster_11054542386_11054542387_11054542395:0|429726441:0|joinedS_570758310_9939398569_9939398599_9939407828:0,0.0
518.0,0.0,14.48,0,cluster_11054542386_11054542387_11054542395:0|429726441:0|joinedS_570758310_9939398569_9939398599_9939407828:0,0.0
519.0,0.0,13.602,0,cluster_11054542386_11054542387_11054542395:0|429726441:0|joinedS_570758310_9939398569_9939398599_9939407828:0,0.0
520.0,0.0,13.827,0,cluster_11054542386_11054542387_11054542395:0|429726441:0|joinedS_570758310_9939398569_9939398599_9939407828:0,0.0
521.0,0.0,13.663,0,cluster_11054542386_11054542387_11054542395:0|429726441:0|joinedS_570758310_9939398569_9939398599_9939407828:0,0.0
522.0,0.0,13.464,0,cluster_11054542386_11054542387_11054542395:0|429726441:0|joinedS_570758310_9939398569_9939398599_9939407828:0,0.0
523.0,0.0,13.679,0,cluster_11054542386_11054542387_11054542395:0|429726441:0|joinedS_570758310_9939398569_9939398599_9939407828:0,0.0
524.0,0.0,12.813,0,cluster_11054542386_11054542387_11054542395:0|429726441:0|joinedS_570758310_9939398569_9939398599_9939407828:0,0.0
525.0,0.0,13.142,0,cluster_11054542386_11054542387_11054542395:0|429726441:0|joinedS_570758310_9939398569_9939398599_9939407828:0,0.0
526.0,0.0,12.81,0,cluster_11054542386_11054542387_11054542395:0|429726441:0|joinedS_570758310_9939398569_9939398599_9939407828:0,0.0
527.0,0.0,12.697,0,cluster_11054542386_11054542387_11054542395:0|429726441:0|joinedS_570758310_9939398569_9939398599_9939407828:0,0.0
528.0,0.0,13.057,0,cluster_11054542386_11054542387_11054542395:0|429726441:0|joinedS_570758310_9939398569_9939398599_9939407828:0,0.0
529.0,0.0,13.172,0,cluster_11054542386_11054542387_11054542395:0|429726441:0|joinedS_570758310_9939398569_9939398599_9939407828:0,0.0
530.0,0.0,13.039,0,cluster_11054542386_11054542387_11054542395:0|429726441:0|joinedS_570758310_9939398569_9939398599_9939407828:0,0.0
531.0,0.0,13.341,0,cluster_11054542386_11054542387_11054542395:0|429726441:0|joinedS_570758310_9939398569_9939398599_9939407828:0,0.0
532.0,0.0,13.657,0,cluster_11054542386_11054542387_11054542395:0|429726441:0|joinedS_570758310_9939398569_9939398599_9939407828:0,0.0
533.0,0.0,13.469,0,cluster_11054542386_11054542387_11054542395:0|429726441:0|joinedS_570758310_9939398569_9939398599_9939407828:0,0.0
534.0,0.0,13.748,0,cluster_11054542386_11054542387_11054542395:0|429726441:0|joinedS_570758310_9939398569_9939398599_9939407828:0,0.0
535.0,0.0,13.878,0,cluster_11054542386_11054542387_11054542395:0|429726441:0|joinedS_570758310_9939398569_9939398599_9939407828:0,0.0
536.0,0.0,12.747,0,cluster_11054542386_11054542387_11054542395:0|429726441:0|joinedS_570758310_9939398569_9939398599_9939407828:0,0.0
537.0,0.0,13.076,0,cluster_11054542386_11054542387_11054542395:0|429726441:0|joinedS_570758310_9939398569_9939398599_9939407828:0,0.0
538.0,0.0,12.963,0,cluster_11054542386_11054542387_11054542395:0|429726441:0|joinedS_570758310_9939398569_9939398599_9939407828:0,0.0
539.0,0.0,13.256,0,cluster_11054542386_11054542387_11054542395:0|429726441:0|joinedS_570758310_9939398569_9939398599_9939407828:0,0.0
540.0,0.0,13.573,0,cluster_11054542386_11054542387_11054542395:0|429726441:0|joinedS_570758310_9939398569_9939398599_9939407828:0,0.0
541.0,0.0,13.474,0,cluster_11054542386_11054542387_11054542395:0|429726441:0|joinedS_570758310_9939398569_9939398599_9939407828:0,0.0
542.0,0.0,13.762,0,cluster_11054542386_11054542387_11054542395:0|429726441:0|joinedS_570758310_9939398569_9939398599_9939407828:0,0.0
543.0,0.0,14.109,0,cluster_11054542386_11054542387_11054542395:0|429726441:0|joinedS_570758310_9939398569_9939398599_9939407828:0,0.0
544.0,0.0,13.978,0,cluster_11054542386_11054542387_11054542395:0|429726441:0|joinedS_570758310_9939398569_9939398599_9939407828:0,0.0
545.0,0.0,14.286,0,cluster_11054542386_11054542387_11054542395:0|429726441:0|joinedS_570758310_9939398569_9939398599_9939407828:0,0.0
546.0,0.0,14.6,0,cluster_11054542386_11054542387_11054542395:0|429726441:0|joinedS_570758310_9939398569_9939398599_9939407828:0,0.0
547.0,0.0,14.421,0,cluster_11054542386_11054542387_11054542395:0|429726441:0|joinedS_570758310_9939398569_9939398599_9939407828:0,0.0
548.0,0.0,14.693,0,cluster_11054542386_11054542387_11054542395:0|429726441:0|joinedS_570758310_9939398569_9939398599_9939407828:0,0.0
549.0,0.0,15.222,0,cluster_11054542386_11054542387_11054542395:0|429726441:0|joinedS_570758310_9939398569_9939398599_9939407828:0,0.0
550.0,0.0,14.966,0,cluster_11054542386_11054542387_11054542395:0|429726441:0|joinedS_570758310_9939398569_9939398599_9939407828:0,0.0
551.0,0.0,15.2,0,cluster_11054542386_11054542387_11054542395:0|429726441:0|joinedS_570758310_9939398569_9939398599_9939407828:0,0.0
552.0,0.0,15.517,0,cluster_11054542386_11054542387_11054542395:0|429726441:0|joinedS_570758310_9939398569_9939398599_9939407828:0,0.0
553.0,0.0,15.307,0,cluster_11054542386_11054542387_11054542395:0|429726441:0|joinedS_570758310_9939398569_9939398599_9939407828:0,0.0
554.0,0.0,15.563,0,cluster_11054542386_11054542387_11054542395:0|429726441:0|joinedS_570758310_9939398569_9939398599_9939407828:0,0.0
555.0,0.0,15.845,0,cluster_11054542386_11054542387_11054542395:0|429726441:0|joinedS_570758310_9939398569_9939398599_9939407828:0,0.0
556.0,0.0,15.565,0,cluster_11054542386_11054542387_11054542395:0|429726441:0|joinedS_570758310_9939398569_9939398599_9939407828:0,0.0
557.0,0.0,15.822,0,cluster_11054542386_11054542387_11054542395:0|429726441:0|joinedS_570758310_9939398569_9939398599_9939407828:0,0.0
558.0,0.0,15.601,0,cluster_11054542386_11054542387_11054542395:0|429726441:0|joinedS_570758310_9939398569_9939398599_9939407828:0,0.0
559.0,0.0,15.828,0,cluster_11054542386_11054542387_11054542395:0|429726441:0|joinedS_570758310_9939398569_9939398599_9939407828:0,0.0
560.0,0.0,16.096,0,cluster_11054542386_11054542387_11054542395:0|429726441:0|joinedS_570758310_9939398569_9939398599_9939407828:0,0.0
561.0,0.0,15.828,0,cluster_11054542386_11054542387_11054542395:0|429726441:0|joinedS_570758310_9939398569_9939398599_9939407828:0,0.0
562.0,0.0,16.075,0,cluster_11054542386_11054542387_11054542395:0|429726441:0|joinedS_570758310_9939398569_9939398599_9939407828:0,0.0
563.0,0.0,16.296,0,cluster_11054542386_11054542387_11054542395:0|429726441:0|joinedS_570758310_9939398569_9939398599_9939407828:0,0.0
564.0,0.0,16.041,0,cluster_11054542386_11054542387_11054542395:0|429726441:0|joinedS_570758310_9939398569_9939398599_9939407828:0,0.0
565.0,0.0,16.228,0,cluster_11054542386_11054542387_11054542395:0|429726441:0|joinedS_570758310_9939398569_9939398599_9939407828:0,0.0
566.0,0.0,16.446,0,cluster_11054542386_11054542387_11054542395:0|429726441:0|joinedS_570758310_9939398569_9939398599_9939407828:0,0.0
567.0,0.0,16.208,0,cluster_11054542386_11054542387_11054542395:0|429726441:0|joinedS_570758310_9939398569_9939398599_9939407828:0,0.0
568.0,0.0,16.478,0,cluster_11054542386_11054542387_11054542395:0|429726441:0|joinedS_570758310_9939398569_9939398599_9939407828:0,0.0
569.0,0.0,16.709,3,cluster_11054542386_11054542387_11054542395:0|429726441:0|joinedS_570758310_9939398569_9939398599_9939407828:0,0.0
570.0,0.0,16.539,4,cluster_11054542386_11054542387_11054542395:0|429726441:0|joinedS_570758310_9939398569_9939398599_9939407828:0,0.333
571.0,0.0,16.841,4,cluster_11054542386_11054542387_11054542395:0|429726441:0|joinedS_570758310_9939398569_9939398599_9939407828:0,0.333
572.0,0.0,17.146,4,cluster_11054542386_11054542387_11054542395:0|429726441:0|joinedS_570758310_9939398569_9939398599_9939407828:0,0.333
573.0,0.0,16.985,1,cluster_11054542386_11054542387_11054542395:0|429726441:0|joinedS_570758310_9939398569_9939398599_9939407828:0,0.333
574.0,0.0,16.672,0,cluster_11054542386_11054542387_11054542395:0|429726441:0|joinedS_570758310_9939398569_9939398599_9939407828:0,0.0
575.0,0.0,16.562,0,cluster_11054542386_11054542387_11054542395:0|429726441:0|joinedS_570758310_9939398569_9939398599_9939407828:0,0.0
576.0,0.0,16.878,0,cluster_11054542386_11054542387_11054542395:0|429726441:0|joinedS_570758310_9939398569_9939398599_9939407828:0,0.0
577.0,0.0,17.208,0,cluster_11054542386_11054542387_11054542395:0|429726441:0|joinedS_570758310_9939398569_9939398599_9939407828:0,0.0
578.0,0.0,17.106,0,cluster_11054542386_11054542387_11054542395:0|429726441:0|joinedS_570758310_9939398569_9939398599_9939407828:0,0.0
579.0,0.0,17.383,0,cluster_11054542386_11054542387_11054542395:0|429726441:0|joinedS_570758310_9939398569_9939398599_9939407828:0,0.0
580.0,0.0,17.566,0,cluster_11054542386_11054542387_11054542395:0|429726441:0|joinedS_570758310_9939398569_9939398599_9939407828:0,0.0
581.0,0.0,17.386,0,cluster_11054542386_11054542387_11054542395:0|429726441:0|joinedS_570758310_9939398569_9939398599_9939407828:0,0.0
582.0,0.0,17.58,0,cluster_11054542386_11054542387_11054542395:0|429726441:0|joinedS_570758310_9939398569_9939398599_9939407828:0,0.0
583.0,0.0,17.667,0,cluster_11054542386_11054542387_11054542395:0|429726441:0|joinedS_570758310_9939398569_9939398599_9939407828:0,0.0
584.0,0.0,17.428,0,cluster_11054542386_11054542387_11054542395:0|429726441:0|joinedS_570758310_9939398569_9939398599_9939407828:0,0.0
585.0,0.0,17.698,0,cluster_11054542386_11054542387_11054542395:0|429726441:0|joinedS_570758310_9939398569_9939398599_9939407828:0,0.0
586.0,0.0,18.003,0,cluster_11054542386_11054542387_11054542395:0|429726441:0|joinedS_570758310_9939398569_9939398599_9939407828:0,0.0
587.0,0.0,17.836,0,cluster_11054542386_11054542387_11054542395:0|429726441:0|joinedS_570758310_9939398569_9939398599_9939407828:0,0.0
588.0,0.0,18.12,0,cluster_11054542386_11054542387_11054542395:0|429726441:0|joinedS_570758310_9939398569_9939398599_9939407828:0,0.0
589.0,0.0,18.385,0,cluster_11054542386_11054542387_11054542395:0|429726441:0|joinedS_570758310_9939398569_9939398599_9939407828:0,0.0
590.0,0.0,18.19,0,cluster_11054542386_11054542387_11054542395:0|429726441:0|joinedS_570758310_9939398569_9939398599_9939407828:0,0.0
591.0,0.0,18.442,0,cluster_11054542386_11054542387_11054542395:0|429726441:0|joinedS_570758310_9939398569_9939398599_9939407828:0,0.0
592.0,0.0,18.225,0,cluster_11054542386_11054542387_11054542395:0|429726441:0|joinedS_570758310_9939398569_9939398599_9939407828:0,0.0
593.0,0.0,18.055,0,cluster_11054542386_11054542387_11054542395:0|429726441:0|joinedS_570758310_9939398569_9939398599_9939407828:0,0.0
594.0,0.0,18.292,0,cluster_11054542386_11054542387_11054542395:0|429726441:0|joinedS_570758310_9939398569_9939398599_9939407828:0,0.0
595.0,0.0,18.073,0,cluster_11054542386_11054542387_11054542395:0|429726441:0|joinedS_570758310_9939398569_9939398599_9939407828:0,0.0
596.0,0.0,18.249,0,cluster_11054542386_11054542387_11054542395:0|429726441:0|joinedS_570758310_9939398569_9939398599_9939407828:0,0.0
597.0,0.0,18.507,0,cluster_11054542386_11054542387_11054542395:0|429726441:0|joinedS_570758310_9939398569_9939398599_9939407828:0,0.0
598.0,0.0,18.303,0,cluster_11054542386_11054542387_11054542395:0|429726441:0|joinedS_570758310_9939398569_9939398599_9939407828:0,0.0
599.0,0.0,18.585,0,cluster_11054542386_11054542387_11054542395:0|429726441:0|joinedS_570758310_9939398569_9939398599_9939407828:0,0.0
600.0,0.0,18.859,0,cluster_11054542386_11054542387_11054542395:0|429726441:0|joinedS_570758310_9939398569_9939398599_9939407828:0,0.0
601.0,0.0,18.659,0,cluster_11054542386_11054542387_11054542395:0|429726441:0|joinedS_570758310_9939398569_9939398599_9939407828:0,0.0
602.0,0.0,18.92,0,cluster_11054542386_11054542387_11054542395:0|429726441:0|joinedS_570758310_9939398569_9939398599_9939407828:0,0.0
603.0,0.0,19.197,0,cluster_11054542386_11054542387_11054542395:0|429726441:0|joinedS_570758310_9939398569_9939398599_9939407828:0,0.0
604.0,0.0,17.526,0,cluster_11054542386_11054542387_11054542395:0|429726441:0|joinedS_570758310_9939398569_9939398599_9939407828:0,0.0
605.0,0.0,17.648,0,cluster_11054542386_11054542387_11054542395:0|429726441:0|joinedS_570758310_9939398569_9939398599_9939407828:0,0.0
606.0,0.0,16.842,0,cluster_11054542386_11054542387_11054542395:0|429726441:0|joinedS_570758310_9939398569_9939398599_9939407828:0,0.0
607.0,0.0,15.992,0,cluster_11054542386_11054542387_11054542395:0|429726441:0|joinedS_570758310_9939398569_9939398599_9939407828:0,0.0
608.0,0.0,16.251,0,cluster_11054542386_11054542387_11054542395:0|429726441:0|joinedS_570758310_9939398569_9939398599_9939407828:0,0.0
609.0,0.0,16.488,0,cluster_11054542386_11054542387_11054542395:0|429726441:0|joinedS_570758310_9939398569_9939398599_9939407828:0,0.0
610.0,0.0,16.325,0,cluster_11054542386_11054542387_11054542395:0|429726441:0|joinedS_570758310_9939398569_9939398599_9939407828:0,0.0
611.0,0.0,16.602,0,cluster_11054542386_11054542387_11054542395:0|429726441:0|joinedS_570758310_9939398569_9939398599_9939407828:0,0.0
612.0,0.0,16.351,0,cluster_11054542386_11054542387_11054542395:0|429726441:0|joinedS_570758310_9939398569_9939398599_9939407828:0,0.0
613.0,0.0,16.638,0,cluster_11054542386_11054542387_11054542395:0|429726441:0|joinedS_570758310_9939398569_9939398599_9939407828:0,0.0
614.0,0.0,16.079,0,cluster_11054542386_11054542387_11054542395:0|429726441:0|joinedS_570758310_9939398569_9939398599_9939407828:0,0.0
615.0,0.0,15.972,0,cluster_11054542386_11054542387_11054542395:0|429726441:0|joinedS_570758310_9939398569_9939398599_9939407828:0,0.0
616.0,0.0,14.574,0,cluster_11054542386_11054542387_11054542395:0|429726441:0|joinedS_570758310_9939398569_9939398599_9939407828:0,0.0
617.0,0.0,14.896,0,cluster_11054542386_11054542387_11054542395:0|429726441:0|joinedS_570758310_9939398569_9939398599_9939407828:0,0.0
618.0,0.0,14.153,0,cluster_11054542386_11054542387_11054542395:0|429726441:0|joinedS_570758310_9939398569_9939398599_9939407828:0,0.0
619.0,0.0,14.477,0,cluster_11054542386_11054542387_11054542395:0|429726441:0|joinedS_570758310_9939398569_9939398599_9939407828:0,0.0
620.0,0.0,13.918,0,cluster_11054542386_11054542387_11054542395:0|429726441:0|joinedS_570758310_9939398569_9939398599_9939407828:0,0.0
621.0,0.0,13.888,0,cluster_11054542386_11054542387_11054542395:0|429726441:0|joinedS_570758310_9939398569_9939398599_9939407828:0,0.0
622.0,0.0,13.923,0,cluster_11054542386_11054542387_11054542395:0|429726441:0|joinedS_570758310_9939398569_9939398599_9939407828:0,0.0
623.0,0.0,13.806,0,cluster_11054542386_11054542387_11054542395:0|429726441:0|joinedS_570758310_9939398569_9939398599_9939407828:0,0.0
624.0,0.0,13.432,0,cluster_11054542386_11054542387_11054542395:0|429726441:0|joinedS_570758310_9939398569_9939398599_9939407828:0,0.0
625.0,0.0,12.656,0,cluster_11054542386_11054542387_11054542395:0|429726441:0|joinedS_570758310_9939398569_9939398599_9939407828:0,0.0
626.0,0.0,12.938,0,cluster_11054542386_11054542387_11054542395:0|429726441:0|joinedS_570758310_9939398569_9939398599_9939407828:0,0.0
627.0,0.0,12.424,0,cluster_11054542386_11054542387_11054542395:0|429726441:0|joinedS_570758310_9939398569_9939398599_9939407828:0,0.0
628.0,0.0,12.688,0,cluster_11054542386_11054542387_11054542395:0|429726441:0|joinedS_570758310_9939398569_9939398599_9939407828:0,0.0
629.0,0.0,11.179,0,cluster_11054542386_11054542387_11054542395:0|429726441:0|joinedS_570758310_9939398569_9939398599_9939407828:0,0.0
630.0,0.0,11.29,0,cluster_11054542386_11054542387_11054542395:0|429726441:0|joinedS_570758310_9939398569_9939398599_9939407828:0,0.0
631.0,0.0,11.53,0,cluster_11054542386_11054542387_11054542395:0|429726441:0|joinedS_570758310_9939398569_9939398599_9939407828:0,0.0
632.0,0.0,11.438,0,cluster_11054542386_11054542387_11054542395:0|429726441:0|joinedS_570758310_9939398569_9939398599_9939407828:0,0.0
633.0,0.0,11.552,0,cluster_11054542386_11054542387_11054542395:0|429726441:0|joinedS_570758310_9939398569_9939398599_9939407828:0,0.0
634.0,0.0,10.922,0,cluster_11054542386_11054542387_11054542395:0|429726441:0|joinedS_570758310_9939398569_9939398599_9939407828:0,0.0
635.0,0.0,11.037,0,cluster_11054542386_11054542387_11054542395:0|429726441:0|joinedS_570758310_9939398569_9939398599_9939407828:0,0.0
636.0,0.0,10.947,0,cluster_11054542386_11054542387_11054542395:0|429726441:0|joinedS_570758310_9939398569_9939398599_9939407828:0,0.0
637.0,0.0,10.916,0,cluster_11054542386_11054542387_11054542395:0|429726441:0|joinedS_570758310_9939398569_9939398599_9939407828:0,0.0
638.0,0.0,10.458,0,cluster_11054542386_11054542387_11054542395:0|429726441:0|joinedS_570758310_9939398569_9939398599_9939407828:0,0.0
639.0,0.0,10.596,0,cluster_11054542386_11054542387_11054542395:0|429726441:0|joinedS_570758310_9939398569_9939398599_9939407828:0,0.0
640.0,0.0,10.754,0,cluster_11054542386_11054542387_11054542395:0|429726441:0|joinedS_570758310_9939398569_9939398599_9939407828:0,0.0
641.0,0.0,9.939,0,cluster_11054542386_11054542387_11054542395:0|429726441:0|joinedS_570758310_9939398569_9939398599_9939407828:0,0.0
642.0,0.0,9.777,0,cluster_11054542386_11054542387_11054542395:0|429726441:0|joinedS_570758310_9939398569_9939398599_9939407828:0,0.0
643.0,0.0,9.735,0,cluster_11054542386_11054542387_11054542395:0|429726441:0|joinedS_570758310_9939398569_9939398599_9939407828:0,0.0
644.0,0.0,9.553,0,cluster_11054542386_11054542387_11054542395:0|429726441:0|joinedS_570758310_9939398569_9939398599_9939407828:0,0.0
645.0,0.0,9.764,0,cluster_11054542386_11054542387_11054542395:0|429726441:0|joinedS_570758310_9939398569_9939398599_9939407828:0,0.0
646.0,0.0,9.595,0,cluster_11054542386_11054542387_11054542395:0|429726441:0|joinedS_570758310_9939398569_9939398599_9939407828:0,0.0
647.0,0.0,9.6,0,cluster_11054542386_11054542387_11054542395:0|429726441:0|joinedS_570758310_9939398569_9939398599_9939407828:0,0.0
648.0,0.0,9.567,0,cluster_11054542386_11054542387_11054542395:0|429726441:0|joinedS_570758310_9939398569_9939398599_9939407828:0,0.0
649.0,0.0,9.667,0,cluster_11054542386_11054542387_11054542395:0|429726441:0|joinedS_570758310_9939398569_9939398599_9939407828:0,0.0
650.0,0.0,9.778,0,cluster_11054542386_11054542387_11054542395:0|429726441:0|joinedS_570758310_9939398569_9939398599_9939407828:0,0.0
651.0,0.0,10.211,0,cluster_11054542386_11054542387_11054542395:0|429726441:0|joinedS_570758310_9939398569_9939398599_9939407828:0,0.0
652.0,0.0,10.373,0,cluster_11054542386_11054542387_11054542395:0|429726441:0|joinedS_570758310_9939398569_9939398599_9939407828:0,0.0
653.0,0.0,10.477,0,cluster_11054542386_11054542387_11054542395:0|429726441:0|joinedS_570758310_9939398569_9939398599_9939407828:0,0.0
654.0,0.0,10.767,0,cluster_11054542386_11054542387_11054542395:0|429726441:0|joinedS_570758310_9939398569_9939398599_9939407828:0,0.0
655.0,0.0,11.025,0,cluster_11054542386_11054542387_11054542395:0|429726441:0|joinedS_570758310_9939398569_9939398599_9939407828:0,0.0
656.0,0.0,11.268,0,cluster_11054542386_11054542387_11054542395:0|429726441:0|joinedS_570758310_9939398569_9939398599_9939407828:0,0.0
657.0,0.0,11.532,0,cluster_11054542386_11054542387_11054542395:0|429726441:0|joinedS_570758310_9939398569_9939398599_9939407828:0,0.0
658.0,0.0,11.645,0,cluster_11054542386_11054542387_11054542395:0|429726441:0|joinedS_570758310_9939398569_9939398599_9939407828:0,0.0
659.0,0.0,12.045,0,cluster_11054542386_11054542387_11054542395:0|429726441:0|joinedS_570758310_9939398569_9939398599_9939407828:0,0.0
660.0,0.0,11.951,0,cluster_11054542386_11054542387_11054542395:0|429726441:0|joinedS_570758310_9939398569_9939398599_9939407828:0,0.0
661.0,0.0,12.17,0,cluster_11054542386_11054542387_11054542395:0|429726441:0|joinedS_570758310_9939398569_9939398599_9939407828:0,0.0
662.0,0.0,12.37,0,cluster_11054542386_11054542387_11054542395:0|429726441:0|joinedS_570758310_9939398569_9939398599_9939407828:0,0.0
663.0,0.0,12.556,0,cluster_11054542386_11054542387_11054542395:0|429726441:0|joinedS_570758310_9939398569_9939398599_9939407828:0,0.0
664.0,0.0,12.597,0,cluster_11054542386_11054542387_11054542395:0|429726441:0|joinedS_570758310_9939398569_9939398599_9939407828:0,0.0
665.0,0.0,12.806,0,cluster_11054542386_11054542387_11054542395:0|429726441:0|joinedS_570758310_9939398569_9939398599_9939407828:0,0.0
666.0,0.0,12.998,0,cluster_11054542386_11054542387_11054542395:0|429726441:0|joinedS_570758310_9939398569_9939398599_9939407828:0,0.0
667.0,0.0,13.21,0,cluster_11054542386_11054542387_11054542395:0|429726441:0|joinedS_570758310_9939398569_9939398599_9939407828:0,0.0
668.0,0.0,13.416,0,cluster_11054542386_11054542387_11054542395:0|429726441:0|joinedS_570758310_9939398569_9939398599_9939407828:0,0.0
669.0,0.0,13.337,0,cluster_11054542386_11054542387_11054542395:0|429726441:0|joinedS_570758310_9939398569_9939398599_9939407828:0,0.0
670.0,0.0,13.645,0,cluster_11054542386_11054542387_11054542395:0|429726441:0|joinedS_570758310_9939398569_9939398599_9939407828:0,0.0
671.0,0.0,13.751,0,cluster_11054542386_11054542387_11054542395:0|429726441:0|joinedS_570758310_9939398569_9939398599_9939407828:0,0.0
672.0,0.0,13.862,0,cluster_11054542386_11054542387_11054542395:0|429726441:0|joinedS_570758310_9939398569_9939398599_9939407828:0,0.0
673.0,0.0,14.123,0,cluster_11054542386_11054542387_11054542395:0|429726441:0|joinedS_570758310_9939398569_9939398599_9939407828:0,0.0
674.0,0.0,14.412,0,cluster_11054542386_11054542387_11054542395:0|429726441:0|joinedS_570758310_9939398569_9939398599_9939407828:0,0.0
675.0,0.0,14.403,0,cluster_11054542386_11054542387_11054542395:0|429726441:0|joinedS_570758310_9939398569_9939398599_9939407828:0,0.0
676.0,0.0,14.533,0,cluster_11054542386_11054542387_11054542395:0|429726441:0|joinedS_570758310_9939398569_9939398599_9939407828:0,0.0
677.0,0.0,14.53,0,cluster_11054542386_11054542387_11054542395:0|429726441:0|joinedS_570758310_9939398569_9939398599_9939407828:0,0.0
678.0,0.0,14.531,0,cluster_11054542386_11054542387_11054542395:0|429726441:0|joinedS_570758310_9939398569_9939398599_9939407828:0,0.0
679.0,0.0,14.771,0,cluster_11054542386_11054542387_11054542395:0|429726441:0|joinedS_570758310_9939398569_9939398599_9939407828:0,0.0
680.0,0.0,15.01,0,cluster_11054542386_11054542387_11054542395:0|429726441:0|joinedS_570758310_9939398569_9939398599_9939407828:0,0.0
681.0,0.0,14.856,0,cluster_11054542386_11054542387_11054542395:0|429726441:0|joinedS_570758310_9939398569_9939398599_9939407828:0,0.0
682.0,0.0,15.09,0,cluster_11054542386_11054542387_11054542395:0|429726441:0|joinedS_570758310_9939398569_9939398599_9939407828:0,0.0
683.0,0.0,15.165,0,cluster_11054542386_11054542387_11054542395:0|429726441:0|joinedS_570758310_9939398569_9939398599_9939407828:0,0.0
684.0,0.0,15.492,0,cluster_11054542386_11054542387_11054542395:0|429726441:0|joinedS_570758310_9939398569_9939398599_9939407828:0,0.0
685.0,0.0,15.728,0,cluster_11054542386_11054542387_11054542395:0|429726441:0|joinedS_570758310_9939398569_9939398599_9939407828:0,0.0
686.0,0.0,15.674,0,cluster_11054542386_11054542387_11054542395:0|429726441:0|joinedS_570758310_9939398569_9939398599_9939407828:0,0.0
687.0,0.0,15.905,0,cluster_11054542386_11054542387_11054542395:0|429726441:0|joinedS_570758310_9939398569_9939398599_9939407828:0,0.0
688.0,0.0,16.081,0,cluster_11054542386_11054542387_11054542395:0|429726441:0|joinedS_570758310_9939398569_9939398599_9939407828:0,0.0
689.0,0.0,16.32,0,cluster_11054542386_11054542387_11054542395:0|429726441:0|joinedS_570758310_9939398569_9939398599_9939407828:0,0.0
690.0,0.0,16.539,0,cluster_11054542386_11054542387_11054542395:0|429726441:0|joinedS_570758310_9939398569_9939398599_9939407828:0,0.0
691.0,0.0,16.758,0,cluster_11054542386_11054542387_11054542395:0|429726441:0|joinedS_570758310_9939398569_9939398599_9939407828:0,0.0
692.0,0.0,16.841,0,cluster_11054542386_11054542387_11054542395:0|429726441:0|joinedS_570758310_9939398569_9939398599_9939407828:0,0.0
693.0,0.0,17.189,0,cluster_11054542386_11054542387_11054542395:0|429726441:0|joinedS_570758310_9939398569_9939398599_9939407828:0,0.0
694.0,0.0,17.557,0,cluster_11054542386_11054542387_11054542395:0|429726441:0|joinedS_570758310_9939398569_9939398599_9939407828:0,0.0
695.0,0.0,17.21,0,cluster_11054542386_11054542387_11054542395:0|429726441:0|joinedS_570758310_9939398569_9939398599_9939407828:0,0.0
696.0,0.0,16.952,0,cluster_11054542386_11054542387_11054542395:0|429726441:0|joinedS_570758310_9939398569_9939398599_9939407828:0,0.0
697.0,0.0,17.142,0,cluster_11054542386_11054542387_11054542395:0|429726441:0|joinedS_570758310_9939398569_9939398599_9939407828:0,0.0
698.0,0.0,17.087,0,cluster_11054542386_11054542387_11054542395:0|429726441:0|joinedS_570758310_9939398569_9939398599_9939407828:0,0.0
699.0,0.0,17.334,0,cluster_11054542386_11054542387_11054542395:0|429726441:0|joinedS_570758310_9939398569_9939398599_9939407828:0,0.0
700.0,0.0,17.615,0,cluster_11054542386_11054542387_11054542395:0|429726441:0|joinedS_570758310_9939398569_9939398599_9939407828:0,0.0
701.0,0.0,17.722,0,cluster_11054542386_11054542387_11054542395:0|429726441:0|joinedS_570758310_9939398569_9939398599_9939407828:0,0.0
702.0,0.0,17.864,0,cluster_11054542386_11054542387_11054542395:0|429726441:0|joinedS_570758310_9939398569_9939398599_9939407828:0,0.0
703.0,0.0,18.099,0,cluster_11054542386_11054542387_11054542395:0|429726441:0|joinedS_570758310_9939398569_9939398599_9939407828:0,0.0
704.0,0.0,18.225,0,cluster_11054542386_11054542387_11054542395:0|429726441:0|joinedS_570758310_9939398569_9939398599_9939407828:0,0.0
705.0,0.0,18.373,0,cluster_11054542386_11054542387_11054542395:0|429726441:0|joinedS_570758310_9939398569_9939398599_9939407828:0,0.0
706.0,0.0,18.366,0,cluster_11054542386_11054542387_11054542395:0|429726441:0|joinedS_570758310_9939398569_9939398599_9939407828:0,0.0
707.0,0.0,18.554,0,cluster_11054542386_11054542387_11054542395:0|429726441:0|joinedS_570758310_9939398569_9939398599_9939407828:0,0.0
708.0,0.0,18.451,0,cluster_11054542386_11054542387_11054542395:0|429726441:0|joinedS_570758310_9939398569_9939398599_9939407828:0,0.0
709.0,0.0,18.613,0,cluster_11054542386_11054542387_11054542395:0|429726441:0|joinedS_570758310_9939398569_9939398599_9939407828:0,0.0
710.0,0.0,18.912,0,cluster_11054542386_11054542387_11054542395:0|429726441:0|joinedS_570758310_9939398569_9939398599_9939407828:0,0.0
711.0,0.0,19.129,0,cluster_11054542386_11054542387_11054542395:0|429726441:0|joinedS_570758310_9939398569_9939398599_9939407828:0,0.0
712.0,0.0,19.407,0,cluster_11054542386_11054542387_11054542395:0|429726441:0|joinedS_570758310_9939398569_9939398599_9939407828:0,0.0
713.0,0.0,19.625,0,cluster_11054542386_11054542387_11054542395:0|429726441:0|joinedS_570758310_9939398569_9939398599_9939407828:0,0.0
714.0,0.0,19.865,0,cluster_11054542386_11054542387_11054542395:0|429726441:0|joinedS_570758310_9939398569_9939398599_9939407828:0,0.0
715.0,0.0,20.024,0,cluster_11054542386_11054542387_11054542395:0|429726441:0|joinedS_570758310_9939398569_9939398599_9939407828:0,0.0
716.0,0.0,20.331,0,cluster_11054542386_11054542387_11054542395:0|429726441:0|joinedS_570758310_9939398569_9939398599_9939407828:0,0.0
717.0,0.0,20.506,0,cluster_11054542386_11054542387_11054542395:0|429726441:0|joinedS_570758310_9939398569_9939398599_9939407828:0,0.0
718.0,0.0,20.827,0,cluster_11054542386_11054542387_11054542395:0|429726441:0|joinedS_570758310_9939398569_9939398599_9939407828:0,0.0
719.0,0.0,20.871,0,cluster_11054542386_11054542387_11054542395:0|429726441:0|joinedS_570758310_9939398569_9939398599_9939407828:0,0.0
720.0,0.0,21.08,1,cluster_11054542386_11054542387_11054542395:0|429726441:0|joinedS_570758310_9939398569_9939398599_9939407828:0,0.333
721.0,0.0,21.604,1,cluster_11054542386_11054542387_11054542395:0|429726441:0|joinedS_570758310_9939398569_9939398599_9939407828:0,0.333
722.0,0.0,21.815,2,cluster_11054542386_11054542387_11054542395:0|429726441:0|joinedS_570758310_9939398569_9939398599_9939407828:0,0.667
723.0,0.0,22.021,2,cluster_11054542386_11054542387_11054542395:0|429726441:0|joinedS_570758310_9939398569_9939398599_9939407828:0,0.667
724.0,0.0,22.25,3,cluster_11054542386_11054542387_11054542395:0|429726441:0|joinedS_570758310_9939398569_9939398599_9939407828:0,1.0
725.0,0.0,22.479,4,cluster_11054542386_11054542387_11054542395:0|429726441:0|joinedS_570758310_9939398569_9939398599_9939407828:0,1.333
726.0,0.0,22.685,4,cluster_11054542386_11054542387_11054542395:0|429726441:0|joinedS_570758310_9939398569_9939398599_9939407828:0,1.333
727.0,0.0,23.237,4,cluster_11054542386_11054542387_11054542395:0|429726441:0|joinedS_570758310_9939398569_9939398599_9939407828:0,1.333
728.0,0.0,23.801,4,cluster_11054542386_11054542387_11054542395:0|429726441:0|joinedS_570758310_9939398569_9939398599_9939407828:0,1.333
729.0,0.0,23.934,4,cluster_11054542386_11054542387_11054542395:0|429726441:0|joinedS_570758310_9939398569_9939398599_9939407828:0,1.333
730.0,0.0,24.226,4,cluster_11054542386_11054542387_11054542395:0|429726441:0|joinedS_570758310_9939398569_9939398599_9939407828:0,1.333
731.0,0.0,24.67,4,cluster_11054542386_11054542387_11054542395:0|429726441:0|joinedS_570758310_9939398569_9939398599_9939407828:0,1.333
732.0,0.0,24.887,4,cluster_11054542386_11054542387_11054542395:0|429726441:0|joinedS_570758310_9939398569_9939398599_9939407828:0,1.333
733.0,0.0,25.104,4,cluster_11054542386_11054542387_11054542395:0|429726441:0|joinedS_570758310_9939398569_9939398599_9939407828:0,1.333
734.0,0.0,25.316,4,cluster_11054542386_11054542387_11054542395:0|429726441:0|joinedS_570758310_9939398569_9939398599_9939407828:0,1.333
735.0,0.0,25.709,4,cluster_11054542386_11054542387_11054542395:0|429726441:0|joinedS_570758310_9939398569_9939398599_9939407828:0,1.333
736.0,0.0,25.952,4,cluster_11054542386_11054542387_11054542395:0|429726441:0|joinedS_570758310_9939398569_9939398599_9939407828:0,1.333
737.0,0.0,25.989,4,cluster_11054542386_11054542387_11054542395:0|429726441:0|joinedS_570758310_9939398569_9939398599_9939407828:0,1.333
738.0,0.0,26.191,4,cluster_11054542386_11054542387_11054542395:0|429726441:0|joinedS_570758310_9939398569_9939398599_9939407828:0,1.333
739.0,0.0,26.573,4,cluster_11054542386_11054542387_11054542395:0|429726441:0|joinedS_570758310_9939398569_9939398599_9939407828:0,1.333
740.0,0.0,26.813,4,cluster_11054542386_11054542387_11054542395:0|429726441:0|joinedS_570758310_9939398569_9939398599_9939407828:0,1.333
741.0,0.0,27.396,4,cluster_11054542386_11054542387_11054542395:0|429726441:0|joinedS_570758310_9939398569_9939398599_9939407828:0,1.333
742.0,0.0,27.659,4,cluster_11054542386_11054542387_11054542395:0|429726441:0|joinedS_570758310_9939398569_9939398599_9939407828:0,1.333
743.0,0.0,27.861,4,cluster_11054542386_11054542387_11054542395:0|429726441:0|joinedS_570758310_9939398569_9939398599_9939407828:0,1.333
744.0,0.0,28.379,4,cluster_11054542386_11054542387_11054542395:0|429726441:0|joinedS_570758310_9939398569_9939398599_9939407828:0,1.333
745.0,0.0,28.407,4,cluster_11054542386_11054542387_11054542395:0|429726441:0|joinedS_570758310_9939398569_9939398599_9939407828:0,1.333
746.0,0.0,28.594,4,cluster_11054542386_11054542387_11054542395:0|429726441:0|joinedS_570758310_9939398569_9939398599_9939407828:0,1.333
747.0,0.0,28.95,4,cluster_11054542386_11054542387_11054542395:0|429726441:0|joinedS_570758310_9939398569_9939398599_9939407828:0,1.333
748.0,0.0,29.124,4,cluster_11054542386_11054542387_11054542395:0|429726441:0|joinedS_570758310_9939398569_9939398599_9939407828:0,1.333
749.0,0.0,29.459,4,cluster_11054542386_11054542387_11054542395:0|429726441:0|joinedS_570758310_9939398569_9939398599_9939407828:0,1.333
750.0,0.0,29.978,4,cluster_11054542386_11054542387_11054542395:0|429726441:0|joinedS_570758310_9939398569_9939398599_9939407828:0,1.333
751.0,0.0,30.303,4,cluster_11054542386_11054542387_11054542395:0|429726441:0|joinedS_570758310_9939398569_9939398599_9939407828:0,1.333
752.0,0.0,30.43,2,cluster_11054542386_11054542387_11054542395:0|429726441:0|joinedS_570758310_9939398569_9939398599_9939407828:0,0.667
753.0,0.0,30.686,2,cluster_11054542386_11054542387_11054542395:0|429726441:0|joinedS_570758310_9939398569_9939398599_9939407828:0,0.667
754.0,0.0,30.814,3,cluster_11054542386_11054542387_11054542395:0|429726441:0|joinedS_570758310_9939398569_9939398599_9939407828:0,0.0
755.0,0.0,31.249,3,cluster_11054542386_11054542387_11054542395:0|429726441:0|joinedS_570758310_9939398569_9939398599_9939407828:0,0.0
756.0,0.0,31.164,3,cluster_11054542386_11054542387_11054542395:0|429726441:0|joinedS_570758310_9939398569_9939398599_9939407828:0,0.0
757.0,0.0,31.46,3,cluster_11054542386_11054542387_11054542395:0|429726441:0|joinedS_570758310_9939398569_9939398599_9939407828:0,0.0
758.0,0.0,31.571,3,cluster_11054542386_11054542387_11054542395:0|429726441:0|joinedS_570758310_9939398569_9939398599_9939407828:0,0.0
759.0,0.0,31.831,3,cluster_11054542386_11054542387_11054542395:0|429726441:0|joinedS_570758310_9939398569_9939398599_9939407828:0,0.0
760.0,0.0,32.122,3,cluster_11054542386_11054542387_11054542395:0|429726441:0|joinedS_570758310_9939398569_9939398599_9939407828:0,0.0
761.0,0.0,32.222,3,cluster_11054542386_11054542387_11054542395:0|429726441:0|joinedS_570758310_9939398569_9939398599_9939407828:0,0.0
762.0,0.0,32.759,3,cluster_11054542386_11054542387_11054542395:0|429726441:0|joinedS_570758310_9939398569_9939398599_9939407828:0,0.0
763.0,0.0,32.669,3,cluster_11054542386_11054542387_11054542395:0|429726441:0|joinedS_570758310_9939398569_9939398599_9939407828:0,0.0
764.0,0.0,33.088,3,cluster_11054542386_11054542387_11054542395:0|429726441:0|joinedS_570758310_9939398569_9939398599_9939407828:0,0.0
765.0,0.0,33.507,3,cluster_11054542386_11054542387_11054542395:0|429726441:0|joinedS_570758310_9939398569_9939398599_9939407828:0,0.0
766.0,0.0,33.394,3,cluster_11054542386_11054542387_11054542395:0|429726441:0|joinedS_570758310_9939398569_9939398599_9939407828:0,0.0
767.0,0.0,33.859,3,cluster_11054542386_11054542387_11054542395:0|429726441:0|joinedS_570758310_9939398569_9939398599_9939407828:0,0.0
768.0,0.0,34.429,3,cluster_11054542386_11054542387_11054542395:0|429726441:0|joinedS_570758310_9939398569_9939398599_9939407828:0,0.0
769.0,0.0,34.391,3,cluster_11054542386_11054542387_11054542395:0|429726441:0|joinedS_570758310_9939398569_9939398599_9939407828:0,0.0
770.0,0.0,34.872,0,cluster_11054542386_11054542387_11054542395:0|429726441:0|joinedS_570758310_9939398569_9939398599_9939407828:0,0.0
771.0,0.0,35.03,0,cluster_11054542386_11054542387_11054542395:0|429726441:0|joinedS_570758310_9939398569_9939398599_9939407828:0,0.0
772.0,0.0,35.131,0,cluster_11054542386_11054542387_11054542395:0|429726441:0|joinedS_570758310_9939398569_9939398599_9939407828:0,0.0
773.0,0.0,35.325,0,cluster_11054542386_11054542387_11054542395:0|429726441:0|joinedS_570758310_9939398569_9939398599_9939407828:0,0.0
774.0,0.0,34.894,0,cluster_11054542386_11054542387_11054542395:0|429726441:0|joinedS_570758310_9939398569_9939398599_9939407828:0,0.0
775.0,0.0,35.409,0,cluster_11054542386_11054542387_11054542395:0|429726441:0|joinedS_570758310_9939398569_9939398599_9939407828:0,0.0
776.0,0.0,35.785,0,cluster_11054542386_11054542387_11054542395:0|429726441:0|joinedS_570758310_9939398569_9939398599_9939407828:0,0.0
777.0,0.0,36.116,0,cluster_11054542386_11054542387_11054542395:0|429726441:0|joinedS_570758310_9939398569_9939398599_9939407828:0,0.0
778.0,0.0,36.446,0,cluster_11054542386_11054542387_11054542395:0|429726441:0|joinedS_570758310_9939398569_9939398599_9939407828:0,0.0
779.0,0.0,36.802,0,cluster_11054542386_11054542387_11054542395:0|429726441:0|joinedS_570758310_9939398569_9939398599_9939407828:0,0.0
780.0,0.0,36.358,0,cluster_11054542386_11054542387_11054542395:0|429726441:0|joinedS_570758310_9939398569_9939398599_9939407828:0,0.0
781.0,0.0,36.679,0,cluster_11054542386_11054542387_11054542395:0|429726441:0|joinedS_570758310_9939398569_9939398599_9939407828:0,0.0
782.0,0.0,36.773,0,cluster_11054542386_11054542387_11054542395:0|429726441:0|joinedS_570758310_9939398569_9939398599_9939407828:0,0.0
783.0,0.0,36.586,0,cluster_11054542386_11054542387_11054542395:0|429726441:0|joinedS_570758310_9939398569_9939398599_9939407828:0,0.0
784.0,0.0,36.773,0,cluster_11054542386_11054542387_11054542395:0|429726441:0|joinedS_570758310_9939398569_9939398599_9939407828:0,0.0
785.0,0.0,37.006,0,cluster_11054542386_11054542387_11054542395:0|429726441:0|joinedS_570758310_9939398569_9939398599_9939407828:0,0.0
786.0,0.0,36.923,0,cluster_11054542386_11054542387_11054542395:0|429726441:0|joinedS_570758310_9939398569_9939398599_9939407828:0,0.0
787.0,0.0,36.993,0,cluster_11054542386_11054542387_11054542395:0|429726441:0|joinedS_570758310_9939398569_9939398599_9939407828:0,0.0
788.0,0.0,37.096,0,cluster_11054542386_11054542387_11054542395:0|429726441:0|joinedS_570758310_9939398569_9939398599_9939407828:0,0.0
789.0,0.0,37.276,0,cluster_11054542386_11054542387_11054542395:0|429726441:0|joinedS_570758310_9939398569_9939398599_9939407828:0,0.0
790.0,0.0,37.555,0,cluster_11054542386_11054542387_11054542395:0|429726441:0|joinedS_570758310_9939398569_9939398599_9939407828:0,0.0
791.0,0.0,37.658,0,cluster_11054542386_11054542387_11054542395:0|429726441:0|joinedS_570758310_9939398569_9939398599_9939407828:0,0.0
792.0,0.0,38.078,0,cluster_11054542386_11054542387_11054542395:0|429726441:0|joinedS_570758310_9939398569_9939398599_9939407828:0,0.0
793.0,0.0,38.071,0,cluster_11054542386_11054542387_11054542395:0|429726441:0|joinedS_570758310_9939398569_9939398599_9939407828:0,0.0
794.0,0.0,37.98,0,cluster_11054542386_11054542387_11054542395:0|429726441:0|joinedS_570758310_9939398569_9939398599_9939407828:0,0.0
795.0,0.0,38.091,0,cluster_11054542386_11054542387_11054542395:0|429726441:0|joinedS_570758310_9939398569_9939398599_9939407828:0,0.0
796.0,0.0,38.206,0,cluster_11054542386_11054542387_11054542395:0|429726441:0|joinedS_570758310_9939398569_9939398599_9939407828:0,0.0
797.0,0.0,38.023,0,cluster_11054542386_11054542387_11054542395:0|429726441:0|joinedS_570758310_9939398569_9939398599_9939407828:0,0.0
798.0,0.0,38.05,0,cluster_11054542386_11054542387_11054542395:0|429726441:0|joinedS_570758310_9939398569_9939398599_9939407828:0,0.0
799.0,0.0,38.172,0,cluster_11054542386_11054542387_11054542395:0|429726441:0|joinedS_570758310_9939398569_9939398599_9939407828:0,0.0
800.0,0.0,38.155,0,cluster_11054542386_11054542387_11054542395:0|429726441:0|joinedS_570758310_9939398569_9939398599_9939407828:0,0.0
801.0,0.0,38.235,0,cluster_11054542386_11054542387_11054542395:0|429726441:0|joinedS_570758310_9939398569_9939398599_9939407828:0,0.0
802.0,0.0,38.423,3,cluster_11054542386_11054542387_11054542395:0|429726441:0|joinedS_570758310_9939398569_9939398599_9939407828:0,0.0
803.0,0.0,38.584,3,cluster_11054542386_11054542387_11054542395:0|429726441:0|joinedS_570758310_9939398569_9939398599_9939407828:0,0.0
804.0,0.0,38.497,3,cluster_11054542386_11054542387_11054542395:0|429726441:0|joinedS_570758310_9939398569_9939398599_9939407828:0,0.0
805.0,0.0,38.889,3,cluster_11054542386_11054542387_11054542395:0|429726441:0|joinedS_570758310_9939398569_9939398599_9939407828:0,0.0
806.0,0.0,39.007,0,cluster_11054542386_11054542387_11054542395:0|429726441:0|joinedS_570758310_9939398569_9939398599_9939407828:0,0.0
807.0,0.0,39.136,0,cluster_11054542386_11054542387_11054542395:0|429726441:0|joinedS_570758310_9939398569_9939398599_9939407828:0,0.0
808.0,0.0,39.421,0,cluster_11054542386_11054542387_11054542395:0|429726441:0|joinedS_570758310_9939398569_9939398599_9939407828:0,0.0
809.0,0.0,39.699,0,cluster_11054542386_11054542387_11054542395:0|429726441:0|joinedS_570758310_9939398569_9939398599_9939407828:0,0.0
810.0,0.0,40.313,0,cluster_11054542386_11054542387_11054542395:0|429726441:0|joinedS_570758310_9939398569_9939398599_9939407828:0,0.0
811.0,0.0,40.234,3,cluster_11054542386_11054542387_11054542395:0|429726441:0|joinedS_570758310_9939398569_9939398599_9939407828:0,0.0
812.0,0.0,40.726,3,cluster_11054542386_11054542387_11054542395:0|429726441:0|joinedS_570758310_9939398569_9939398599_9939407828:0,0.0
813.0,0.0,41.104,3,cluster_11054542386_11054542387_11054542395:0|429726441:0|joinedS_570758310_9939398569_9939398599_9939407828:0,0.0
814.0,0.0,41.243,6,cluster_11054542386_11054542387_11054542395:0|429726441:0|joinedS_570758310_9939398569_9939398599_9939407828:0,0.0
815.0,0.0,41.435,6,cluster_11054542386_11054542387_11054542395:0|429726441:0|joinedS_570758310_9939398569_9939398599_9939407828:0,0.0
816.0,0.0,42.001,6,cluster_11054542386_11054542387_11054542395:0|429726441:0|joinedS_570758310_9939398569_9939398599_9939407828:0,0.0
817.0,0.0,42.159,6,cluster_11054542386_11054542387_11054542395:0|429726441:0|joinedS_570758310_9939398569_9939398599_9939407828:0,0.0
818.0,0.0,42.674,9,cluster_11054542386_11054542387_11054542395:0|429726441:0|joinedS_570758310_9939398569_9939398599_9939407828:0,0.333
819.0,0.0,42.803,10,cluster_11054542386_11054542387_11054542395:0|429726441:0|joinedS_570758310_9939398569_9939398599_9939407828:0,0.667
820.0,0.0,43.256,8,cluster_11054542386_11054542387_11054542395:0|429726441:0|joinedS_570758310_9939398569_9939398599_9939407828:0,0.667
821.0,0.0,43.391,12,cluster_11054542386_11054542387_11054542395:0|429726441:0|joinedS_570758310_9939398569_9939398599_9939407828:0,1.333
822.0,0.0,43.848,12,cluster_11054542386_11054542387_11054542395:0|429726441:0|joinedS_570758310_9939398569_9939398599_9939407828:0,1.333
823.0,0.0,43.921,9,cluster_11054542386_11054542387_11054542395:0|429726441:0|joinedS_570758310_9939398569_9939398599_9939407828:0,1.0
824.0,0.0,44.458,7,cluster_11054542386_11054542387_11054542395:0|429726441:0|joinedS_570758310_9939398569_9939398599_9939407828:0,0.333
825.0,0.0,44.297,7,cluster_11054542386_11054542387_11054542395:0|429726441:0|joinedS_570758310_9939398569_9939398599_9939407828:0,0.333
826.0,0.0,44.489,6,cluster_11054542386_11054542387_11054542395:0|429726441:0|joinedS_570758310_9939398569_9939398599_9939407828:0,0.0
827.0,0.0,44.538,6,cluster_11054542386_11054542387_11054542395:0|429726441:0|joinedS_570758310_9939398569_9939398599_9939407828:0,0.0
828.0,0.0,44.478,6,cluster_11054542386_11054542387_11054542395:0|429726441:0|joinedS_570758310_9939398569_9939398599_9939407828:0,0.0
829.0,0.0,44.862,6,cluster_11054542386_11054542387_11054542395:0|429726441:0|joinedS_570758310_9939398569_9939398599_9939407828:0,0.0
830.0,0.0,45.118,6,cluster_11054542386_11054542387_11054542395:0|429726441:0|joinedS_570758310_9939398569_9939398599_9939407828:0,0.0
831.0,0.739,45.39,6,cluster_11054542386_11054542387_11054542395:0|429726441:0|joinedS_570758310_9939398569_9939398599_9939407828:0,0.0
832.0,1.233,45.801,6,cluster_11054542386_11054542387_11054542395:0|429726441:0|joinedS_570758310_9939398569_9939398599_9939407828:0,0.0
833.0,1.464,45.841,6,cluster_11054542386_11054542387_11054542395:0|429726441:0|joinedS_570758310_9939398569_9939398599_9939407828:0,0.0
834.0,1.99,46.101,6,cluster_11054542386_11054542387_11054542395:0|429726441:0|joinedS_570758310_9939398569_9939398599_9939407828:0,0.0
835.0,2.421,46.389,6,cluster_11054542386_11054542387_11054542395:0|429726441:0|joinedS_570758310_9939398569_9939398599_9939407828:0,0.0
836.0,2.961,46.133,6,cluster_11054542386_11054542387_11054542395:0|429726441:0|joinedS_570758310_9939398569_9939398599_9939407828:0,0.0
837.0,3.671,45.911,6,cluster_11054542386_11054542387_11054542395:0|429726441:0|joinedS_570758310_9939398569_9939398599_9939407828:0,0.0
838.0,4.239,45.906,6,cluster_11054542386_11054542387_11054542395:0|429726441:0|joinedS_570758310_9939398569_9939398599_9939407828:0,0.0
839.0,4.633,46.261,6,cluster_11054542386_11054542387_11054542395:0|429726441:0|joinedS_570758310_9939398569_9939398599_9939407828:0,0.0
840.0,4.857,46.267,3,cluster_11054542386_11054542387_11054542395:0|429726441:0|joinedS_570758310_9939398569_9939398599_9939407828:0,0.0
841.0,4.978,46.052,3,cluster_11054542386_11054542387_11054542395:0|429726441:0|joinedS_570758310_9939398569_9939398599_9939407828:0,0.0
842.0,4.989,46.267,0,cluster_11054542386_11054542387_11054542395:0|429726441:0|joinedS_570758310_9939398569_9939398599_9939407828:0,0.0
843.0,5.185,46.256,0,cluster_11054542386_11054542387_11054542395:0|429726441:0|joinedS_570758310_9939398569_9939398599_9939407828:0,0.0
844.0,5.669,45.922,0,cluster_11054542386_11054542387_11054542395:0|429726441:0|joinedS_570758310_9939398569_9939398599_9939407828:0,0.0
845.0,6.417,46.158,0,cluster_11054542386_11054542387_11054542395:0|429726441:0|joinedS_570758310_9939398569_9939398599_9939407828:0,0.0
846.0,6.544,46.335,0,cluster_11054542386_11054542387_11054542395:0|429726441:0|joinedS_570758310_9939398569_9939398599_9939407828:0,0.0
847.0,7.309,46.334,0,cluster_11054542386_11054542387_11054542395:0|429726441:0|joinedS_570758310_9939398569_9939398599_9939407828:0,0.0
848.0,7.992,46.557,0,cluster_11054542386_11054542387_11054542395:0|429726441:0|joinedS_570758310_9939398569_9939398599_9939407828:0,0.0
849.0,8.606,46.818,0,cluster_11054542386_11054542387_11054542395:0|429726441:0|joinedS_570758310_9939398569_9939398599_9939407828:0,0.0
850.0,9.15,47.21,0,cluster_11054542386_11054542387_11054542395:0|429726441:0|joinedS_570758310_9939398569_9939398599_9939407828:0,0.0
851.0,9.594,46.966,0,cluster_11054542386_11054542387_11054542395:0|429726441:0|joinedS_570758310_9939398569_9939398599_9939407828:0,0.0
852.0,9.94,47.432,0,cluster_11054542386_11054542387_11054542395:0|429726441:0|joinedS_570758310_9939398569_9939398599_9939407828:0,0.0
853.0,10.218,47.948,0,cluster_11054542386_11054542387_11054542395:0|429726441:0|joinedS_570758310_9939398569_9939398599_9939407828:0,0.0
854.0,10.397,47.757,0,cluster_11054542386_11054542387_11054542395:0|429726441:0|joinedS_570758310_9939398569_9939398599_9939407828:0,0.0
855.0,10.489,48.136,0,cluster_11054542386_11054542387_11054542395:0|429726441:0|joinedS_570758310_9939398569_9939398599_9939407828:0,0.0
856.0,10.492,48.253,0,cluster_11054542386_11054542387_11054542395:0|429726441:0|joinedS_570758310_9939398569_9939398599_9939407828:0,0.0
857.0,10.559,48.525,0,cluster_11054542386_11054542387_11054542395:0|429726441:0|joinedS_570758310_9939398569_9939398599_9939407828:0,0.0
858.0,10.764,48.836,0,cluster_11054542386_11054542387_11054542395:0|429726441:0|joinedS_570758310_9939398569_9939398599_9939407828:0,0.0
859.0,11.053,48.998,0,cluster_11054542386_11054542387_11054542395:0|429726441:0|joinedS_570758310_9939398569_9939398599_9939407828:0,0.0
860.0,11.359,48.773,0,cluster_11054542386_11054542387_11054542395:0|429726441:0|joinedS_570758310_9939398569_9939398599_9939407828:0,0.0
861.0,11.651,49.249,0,cluster_11054542386_11054542387_11054542395:0|429726441:0|joinedS_570758310_9939398569_9939398599_9939407828:0,0.0
862.0,11.9,49.735,0,cluster_11054542386_11054542387_11054542395:0|429726441:0|joinedS_570758310_9939398569_9939398599_9939407828:0,0.0
863.0,12.132,49.662,0,cluster_11054542386_11054542387_11054542395:0|429726441:0|joinedS_570758310_9939398569_9939398599_9939407828:0,0.0
864.0,12.302,49.884,0,cluster_11054542386_11054542387_11054542395:0|429726441:0|joinedS_570758310_9939398569_9939398599_9939407828:0,0.0
865.0,12.397,50.342,0,cluster_11054542386_11054542387_11054542395:0|429726441:0|joinedS_570758310_9939398569_9939398599_9939407828:0,0.0
866.0,12.445,50.143,0,cluster_11054542386_11054542387_11054542395:0|429726441:0|joinedS_570758310_9939398569_9939398599_9939407828:0,0.0
867.0,12.454,51.033,0,cluster_11054542386_11054542387_11054542395:0|429726441:0|joinedS_570758310_9939398569_9939398599_9939407828:0,0.0
868.0,12.467,50.81,0,cluster_11054542386_11054542387_11054542395:0|429726441:0|joinedS_570758310_9939398569_9939398599_9939407828:0,0.0
869.0,12.504,51.001,0,cluster_11054542386_11054542387_11054542395:0|429726441:0|joinedS_570758310_9939398569_9939398599_9939407828:0,0.0
870.0,12.549,50.955,0,cluster_11054542386_11054542387_11054542395:0|429726441:0|joinedS_570758310_9939398569_9939398599_9939407828:0,0.0
871.0,12.559,51.047,0,cluster_11054542386_11054542387_11054542395:0|429726441:0|joinedS_570758310_9939398569_9939398599_9939407828:0,0.0
872.0,12.57,51.064,0,cluster_11054542386_11054542387_11054542395:0|429726441:0|joinedS_570758310_9939398569_9939398599_9939407828:0,0.0
873.0,12.6,50.558,0,cluster_11054542386_11054542387_11054542395:0|429726441:0|joinedS_570758310_9939398569_9939398599_9939407828:0,0.0
874.0,12.634,49.876,0,cluster_11054542386_11054542387_11054542395:0|429726441:0|joinedS_570758310_9939398569_9939398599_9939407828:0,0.0
875.0,12.688,49.981,0,cluster_11054542386_11054542387_11054542395:0|429726441:0|joinedS_570758310_9939398569_9939398599_9939407828:0,0.0
876.0,12.731,50.067,0,cluster_11054542386_11054542387_11054542395:0|429726441:0|joinedS_570758310_9939398569_9939398599_9939407828:0,0.0
877.0,12.907,50.34,0,cluster_11054542386_11054542387_11054542395:0|429726441:0|joinedS_570758310_9939398569_9939398599_9939407828:0,0.0
878.0,13.217,50.871,0,cluster_11054542386_11054542387_11054542395:0|429726441:0|joinedS_570758310_9939398569_9939398599_9939407828:0,0.0
879.0,13.718,50.973,0,cluster_11054542386_11054542387_11054542395:0|429726441:0|joinedS_570758310_9939398569_9939398599_9939407828:0,0.0
880.0,14.41,50.967,0,cluster_11054542386_11054542387_11054542395:0|429726441:0|joinedS_570758310_9939398569_9939398599_9939407828:0,0.0
881.0,15.271,51.491,0,cluster_11054542386_11054542387_11054542395:0|429726441:0|joinedS_570758310_9939398569_9939398599_9939407828:0,0.0
882.0,16.253,51.488,0,cluster_11054542386_11054542387_11054542395:0|429726441:0|joinedS_570758310_9939398569_9939398599_9939407828:0,0.0
883.0,17.243,51.675,0,cluster_11054542386_11054542387_11054542395:0|429726441:0|joinedS_570758310_9939398569_9939398599_9939407828:0,0.0
